,title,content,date
0,日盛投顧：台股收漲1.97%，重返季線之上,"1.週二台股開高走揚，主要G20川習會確認會談，中美貿易情緒轉為樂觀，呈現量價齊揚，一掃先前低迷氣氛，最終指數上漲208.6點，漲幅1.97%，收在10,775.34點，成交金額為1412.55億元。三大法人合計買超275.52億元：外資買超179.61億元、投信買超9.02億元、自營商買超86.89億元。
2.由以下三個面向檢驗加權指數方向及強弱：（1）、量能：量價齊揚，後勢若能維持，將有利於多方延續。（2）、均線：指數重返季線（約10673點）附近之上，短期均線多頭排列。（3）、技術指標：KD開口向上，6日RSI值（79）高於50，短線多方格局。
3.櫃買指數漲幅1.26%，收在136.08點，同步受美股激勵股價走強。量價齊揚，將有利於後勢向壓力季線（約137點）靠攏，KD指標開口向上，6日RSI值（76）高於50，短線多方格局。
4.觀盤重點：電子成交比重能否維持熱度，回檔是否量縮或上攻成交量大於20日均量，台股選股方向可留意半導體、光學元件、PCB、散熱模組、運動休閒、金融、5G等。
貿易戰轉樂觀 電、金、傳三大類股齊賀
1.半導體：受美國晶片股大漲激勵，權王2330台積電領軍上攻，指標股IC設計2454聯發科、3034聯詠、5269祥碩、2379瑞昱、IC封測6510精測、3711日月光投控、2449京元電、記憶體2408南亞科、2337旺宏、6239力成等股價強勢。
2.光學元件：3008大立光對鏡頭前景樂觀，第三季仍有拉貨需求，帶動相關個股3406玉晶光、3504揚明光、3630新鉅科、3019亞光等股價表現亮眼。
3.5G：受惠5G商轉商機，PA 3105穩懋、2455全新、8086宏捷科、PCB 3037欣興、8046南電、2383台光電、6213聯茂、6269台郡、6274台燿、散熱模組3338泰碩、3653健策、3017奇鋐、3324雙鴻、6230超眾等產業前景正向。
4.工具機：下半年可望優於上半年表現，相關個股如1590亞德客-KY、2049上銀、1597直得、4540全球傳動等股價跌深反彈。
5.運動風：運動產業需求旺，且貿易戰衝擊較小，如運動器材1736喬山、1515力山、自行車9921巨大、9914美利達、運動服飾1477聚陽、1476儒鴻、高爾夫相關6670復盛應用、8924大田、製鞋9938百和、9802鈺齊-KY、9904寶成、9910豐泰等。相關個股可持續追蹤。
6.金融：近期指標包括5876上海商銀、2891中信金、2886兆豐金、2890永豐金、5871中租-KY、2892第一金、2885元大金等。",2019-06-19
1,旺宏：大客戶需求優預期，下半年優於上半年,"MoneyDJ新聞 2019-06-18 12:16:14 記者 萬惠雯 報導旺宏(2337)於今(18)日召開股東常會，董事長吳敏求(見圖)表示，上半年記憶體產業艱困，下半年雖因不確定因素多，造成下半年市況目前難預測，但旺宏下半年表現一定會比上半年好，大客戶拉貨情況也優於預期，同時將推出19奈米的Nand flash，目前sample已送給客戶，第四季可以開始出貨，新技術也會開始出給客戶對獲利有大幫助。 
吳敏求認為，美中貿易戰對台灣廠商有幫助，尤其對代工業來說，只要是Made in China就會有很大的問題，但台灣廠若在非陸產能並具競爭力下，將相對有優勢。市場上也傳出，大家為了避免有貿易戰問題，就會以台灣的IC設計導入為主，這樣對台灣廠有利。 
對於英飛凌併購Cypress案，吳敏求認為，英飛凌的策略可能以獲利為出發點，目前美光、Cypress以及旺宏是高階Nor flash主要業者，但短期來說，車用/工控和醫療不會有馬上的轉單效果，而是以品質為考量，就此點來看，旺宏則是業界唯一將退貨率從ppm(百萬分之一)降至以ppb(十億分之一)為單位，客戶信賴度會提升。 
在ROM的部分，大客戶任天堂訂單需求超過預期，5月份已有顯現，今年全年的訂單量也比去年好很多，下半年的出貨量會更提升，但ROM的毛利率相對較Nor flash低。 
在Nor flash的部分，旺宏256Mb以上的高密度Nor flash市占率是全球首位，製程朝55奈米發展，吳敏求認為，Low density/低品質的市場價格不好，旺宏會漸漸少做，但在特定領域或高品質的產品價格仍支撐的不錯，旺宏目前高階(256Mb)以上占Nor flash已達30%以上的水準，目前高階產品的比重仍往上升。 
吳敏求認為，旺宏在車用、工業用和醫療進展順利，尤其在醫療市場接受度很高，但這市場目前仍較小，希望上述三個市場占旺宏營收由去年底的26%提升至30%以上，以後這也是旺宏市占率成長的主要市場。 
在Nand flash部分，則主要在12吋晶圓廠製程技術上，從36奈米轉至19奈米，未來車載還是在36奈米，今年19奈米第四季開始出貨，明年19奈米成長會比較大。
旺宏去年第四季董事會通過142.03億元的資本支出，主要是19奈米的Nand以及3D的研發設備，投入3D Nand研發計劃，致力開發96層製程技術與產品，未來希望與世界大廠同步，但面對世界級的競爭者，會小心的進入此市場，預估需有2年的佈局時間。",2019-06-18
5,《5月營收》旺宏跳增逾3成；模組廠十銓逆勢增,"MoneyDJ新聞 2019-06-11 09:00:16 記者 萬惠雯 報導
半導體矽晶圓族群5月營收中，環球晶(6488)回到成長腳步，而現貨市場仍有壓力，下游的DRAM製造商中，南亞科(2408)、華邦電(2344)5月營收則持續回溫，旺宏(2337)更有逾3成的月成長，業者看好下半年的需求會有較明顯的成長；而在太陽能產業，5月以聯合再生(3576)表現最佳月成長逾12%，主要則是因開發太陽能電廠專案以及模組出貨推升所致。 
以半導體上游的矽晶圓族群來看，環球晶5月不畏日本客戶仍有黃金週的影響，客戶回復拉貨力道，營收月增5.5%的水準；台勝科(3532)5月營收月衰退1.65%，可見現貨市場仍具有壓力；合晶(6182)5月營收達7.03億元，月成長6.33%。 
另外，晶圓薄化以及再生晶圓廠商昇陽半(8028)5月營收也再重回創新高的表現，單月營收2.22億元，月成長4.32%，年成長26.58%，主要營收推動力量來自晶圓薄化的需求，客戶將應用延伸到5G領域，第二季營運也可望寫下新高表現。 
而在矽晶圓的下游應用市場之一的記憶體製造商南亞科，5月份營收為月成長3.24%，為連續第三個月成長，公司認為，第三季市況需求會優於第二季，但價格能否止穩則不一定，市調機構則指出，DRAM第三季仍有下跌壓力；華邦電5月營收月成長2.79%，旺宏5月營收則跳高，月成長30%，旺宏表示，5月客戶需求增加，各產品線營收均有提升。 
而在記憶體模組市場，5月份營收仍低迷，威剛(3260)5月營收達18.02億元，月衰退1.68%，威剛表示，5月DRAM價格持續走弱影響，造成DRAM出貨下滑，但自第二季起，價格跌幅已逐步收斂，隨著傳統旺季備貨需求帶動出貨表現，公司看好下半年營運可望優於上半年；宇瞻(8271)5月營收也月衰退1.5%。 
而記憶體模組廠中，表現一枝獨秀則為十銓(4967)，5月營收逆勢月成長28%，十銓總經理陳慶文表示，5月營收成長主要是受惠工控和電競銷售量提昇，相較去年同期出貨量提升逾四成，陳慶文認為，消費市場512GB與1TB SSD目前價格落在美金80-120元間，已進入取代傳統硬碟的甜蜜點，無論新裝機或升級需求都在放量，預期2019年SSD搭載率可望突破6成，十銓將把握這波SSD換機潮，積極搶佔市場。 
在太陽能產業，5月份以茂迪(6244)表現最佳，月成長達35%，主要是因為模組以及電池出貨升，再加上售電收入也有增加，聯合再生5月營收達22.86億元，月成長12.89%；元晶(6443)5月營收月成長3.5%。",2019-06-11
6,日盛投顧：台股收漲1.51%，後勢有機會續漲,"1.台股端午連假期間美股上漲，週一台股開高震盪走高，大盤自1月低點9,319點上漲至11,097點共上漲1,778點，而後大盤修正至10,227點，回檔870點，修正係數為0.49，且曾回測半年線，初步已止穩。最高點10,566點突破06/05高點10,541點創反彈高，但尚未收復季線（10,660點），最低點10,466點守穩5日線（10,473點）、月線（10,433點）、10日線（10,420點）、年線（10,404點）及半年線（10,284點），終場指數上漲157.27點，漲幅1.51%，收在10,566.47點，成交金額為1,073.28億元，大於5日均量（986億元）但小於20日均量（1,118億元）。三大法人合計買超126.19億元：外資買超92.17億元、投信買超6.24億元、自營商買超27.78億元。
2.由以下三個面向檢驗加權指數方向及強弱：（1）、量能：回檔量縮或反彈成交量大於月均量方有利反彈延續。（2）、均線：支撐為年線至半年線，壓力為季線附近。（3）、技術指標：KD開口向上，9日K值（77）大於50，後勢有機會續漲。
3.櫃買指數漲幅1.45%，收在133.25點，以櫃買指數的線型及指標角度而言，支撐為130點附近，壓力為年線（135點）附近，KD技術指標開口向上，9日K值（56）大於50，短線反彈。近期法人著墨較深的族群包括IC設計、PA、遊戲、金融、高爾夫球等。
4.台股選股方向可留意5G、半導體、PCB、系統整合、高殖利率、越概、生技、內需、自行車、高爾夫球相關、金融等。
半導體、5G、PCB、墨概、越概、高爾夫球、高殖利率相對強勢
1.半導體：全球封測前十大第一季僅有2449京元電、6147頎邦營收年成長為正數，IC設計重點股包括2454聯發科、3034聯詠、6462神盾、8081致新、5269祥碩、5274信驊等，任天堂有望進軍大陸市場，供應鏈2337旺宏、3227原相、4968立積、2379瑞昱等將有機會迎來成長動力。
2.5G：5G商轉在即，可注意通訊5388中磊、6285啟碁、3491昇達科及光通訊的4977眾達-KY、3081聯亞等，PA在5G時代用量將增加，3105穩懋、2455全新、8086宏捷科等長線仍可關注，散熱6230超眾、3324雙鴻、3338泰碩、3017奇鋐、3653健策等因5G而受惠，安控有機會因中美貿易轉單，3454晶睿、3356奇偶等有機會受惠。
3.PCB：ABF基板供需吃緊，相關公司如3037欣興、3189景碩、8046南電等將受惠， 2383台光電、6213聯茂、6274台燿將受惠5G相關應用。
4.墨概：美墨關稅無限期暫停，6669緯穎、3231緯創等週一強彈。
5.越概：越南在中美貿易戰中相對受惠，相關概念股包括9910豐泰、9938百和、1434福懋、4426利勤、1477聚陽、1476儒鴻、4401東隆興、5288豐祥-KY等。
6.高爾夫球：伍茲重返榮耀，高爾夫球運動再起，指標有8924大田、8928鉅明、8938明安等。
7.高殖利率：股利政策近期為市場關注焦點，可留意如6214精誠、2404漢唐、2886兆豐金、台塑三寶、1101台泥、1102亞泥、2501國建、2204中華、2707晶華。
8.內需：選股方向可朝運輸/汽車的2633台灣高鐵、2640大車隊、2207和泰車、食品1215卜蜂、超商2912統一超、5903全家、環保8341日友、綠能3023信邦、清潔用品1730花仙子、營建2520冠德、生命事業5530龍巖等族群及個股。",2019-06-10
7,統一證券：台股技術線型轉空，上檔套牢賣壓仍重,"【昨日盤勢】：
受到前日美股科技股大跌影響，台股昨日以小跌1點至10499點開出後，在電子權值股台積電、鴻海、大立光三大指標股下殺下，指數逐步走低，最深下跌79點，達10421點；此外，陸股在盤中跌勢進一步擴大，盤中觀望居多，成交量縮，無明顯買盤進駐。台股開高走低，指數收盤呈現中長黑，下跌70點，收在10429點，成交量能為887億元。觀察盤面變化，三大類股漲跌互見，其中金融上漲0.30%，電子及傳產則分別下跌0.32%、1.19%。在次族群部份，以電子零組件、金融、汽車走勢較強，分別上漲0.42%、0.30%及0.27%。
 
【資金動向】：
三大法人合計賣超70.65億元。其中外資賣超58.43億元，投信買超0.75億元，自營商賣超12.95億元。外資買超前五大為新光金、長榮航、旺宏、欣興、百和；賣超前五大為聯電、鴻海、台積電、大同、華新。投信買超前五大為聯電、立積、欣興、南電、宏捷科；賣超前五大為原相、頎邦、台郡、元太、易華電。資券變化方面，融資增1.07億元，融資餘額為1246.24億元，融券增0.14萬張，融券餘額為37.84萬張。外資台指期部位，多單減碼2589口，淨多單部位41820口。借券賣出金額為19.12億元。類股成交比重：電子68.62%、傳產23.38%、金融8%。
 
【今日盤勢分析】：
中美貿易對談遙遙無期，而美國總統川普貿易戰砲火不斷，中國近期態度轉趨強硬與之對抗，而美國內部也對川普貿易戰逐漸出現雜音，美國聯準會也擔憂經濟因此衰退，總體經濟仍不明朗，對台股後市行情，分析如下：第一、美國首位FED官員開出降息第一槍，美國聖路易聯準銀行總裁布拉德表態，需盡快降息來提升通膨，因應貿易戰帶來的經濟風險，此外，在避險需求增加，美國10年期公債利率走低，導致美國3年期和10年期公債殖利率曲線持續倒掛。而美國內部也不平靜，美國負責執行反壟斷法的兩大機構聯邦貿易委員會(FTC)及司法部已同意「分工」，加強對四大企業的監管。FTC將監管Facebook及Amazon的業務，而司法部則調查蘋果和谷歌。調查即將展開，外界關注四大企業影響力是否過大，對使用者及市場產生不良影響，亦使四大科技龍頭股價大幅下挫。第二、美國經濟數據報憂， ISM公布的5月份製造業採購經理人指數(PMI)從前月的52.8，向下降至52.1，低於經濟專家的預估中值53，ISM製造業指數降至川普上台以來的最低水準。另一項由IHS Markit週一公佈的製造業PMI也下跌至2009年以來最低水準。製造商面臨著全球成長減緩以及庫存拉高帶來的不利影響。在川普關稅戰爭並未停手的情況下，經濟數據已逐步受到影響，景氣面的疑慮也逐漸增加。第三、從技術面觀察。台股近期呈現跌深反彈階段，短期指數雖收復五日線及十日線，但昨日雖碰觸月線，但碰觸到即被下壓，顯示上檔套牢賣壓仍重，目前下檔僅剩半年線支撐。以均線觀察，季線以降均呈空頭排列，加上月線將向下跌破季線，中空走勢明顯，應逢高減碼，持盈保泰。
 
【投資策略】：
美中雙方不斷放話，貿易戰談判遙遙無期，美國總統川普持續砲火四射，基本面上，美國經濟數據確實受到負面影響，ISM數據不如預期。目前對月底川習會已難期待，國際利空無一明朗。台股在技術線型轉空，上檔均線壓力重重，籌碼面外資偏空，成交量急凍下，觀望氣氛重。雖然今晨美國FED Poell暗示降息，造就美股大漲，但在景氣利空仍未改變下，現階段逢高應站在賣方，待不利因素消除後再進場布局。波段投資者可逢低留意轉單效應族群及高殖利率概念股等。",2019-06-05
8,日盛投顧：台股回測年線，收跌0.68%,"1.週二台股開平低震盪，受國際訊息利空不斷，以及製造業採購經理人指數跌至榮枯線（50）之下，內外夾擊，影響台股表現壓抑，最終指數下跌70.95點，跌幅0.68%，收在10,429.12點，成交金額為890.32億元。三大法人合計賣超70.72億元：外資賣超58.45億元、投信買超0.68億元、自營商賣超12.94億元。
2.由以下三個面向檢驗加權指數方向及強弱：（1）、量能：價跌量縮，呈現同步走勢，本週端午佳節，預計將持續量縮。（2）、均線：回測年線、10日均線尚未失守，月線壓力待突破。（3）、技術指標：KD黃金交叉開口收斂，6日RSI值（49）低於50，短線偏多整理。
3.櫃買指數跌幅0.42%，收在132.13點，相較加權指數抗跌。惟價跌量增呈現背離走勢，目前仍觀察10日均線支撐不宜失守，KD黃金交叉開口收斂，6日RSI值（44）低於50，短線偏多整理。
4.觀盤重點：電子成交比重能否回至七成，10日均線、年線支撐不宜失守，台股選股方向可留意PCB、IC設計、安控、食品、風電、水泥、跌深電子等。
電子零星反彈 人氣尚未回籠
1.IC設計：近期電子股利空不斷，不過IC設計族群個股輪流上攻，如4968立積受惠於藍芽耳機商機，股價創近期波段新高。相關藍芽耳機IC個股3227原相、2379瑞昱、2454聯發科等皆可留意。
2.PCB：股價近期大幅修正，整理過後重新點火拉抬，6213聯茂受惠未來5G商轉，股價連二紅。3044健鼎客戶布局分散，營運穩健，股價重返百元大關。相關個股如2316楠梓電、3037欣興、8046南電、8155博智等股價相對強勢。
3.跌深電子：8105凌巨本季挑戰虧轉盈，股價攻上漲停。2337旺宏受外資青睞調高評等，股價一度挑戰季線。其他如3450聯鈞、4960誠美材、3645達邁等個股先前跌幅逾2成，今日股價強勢反彈。
4.風電：政策題材加持，3708上緯投控、9958世紀鋼股價漲逾2%，相關個股如1519華城、1609大亞、2013中鋼構等股價力守平盤。
5.食品：時序進入銷售旺季，端午佳節將近，相關個股如1210大成、1215卜蜂、1216統一、1229聯華等營運可望受惠，股價逆勢抗跌。",2019-06-04
9,統一證券：台股技術面及籌碼均不利後市,"【昨日盤勢】：
受遭制裁華為風暴擴大、費半指數因高通股價大跌拖累，昨日台股以跳空下跌53點至10404點開出後，權值類股以電子股帶頭重挫，盤中恐慌情緒擴大，台積電、鴻海、大立光、日月光投控等賣壓強烈，指數一度跌破10300關卡，終場雖跌幅稍微收斂，仍以長黑K作收。觀察盤面變化，三大類股全數走跌，電子、金融及傳產分別下跌2.42%、0.15%及0.43%。在次族群部份，僅汽車、食品、油電燃氣類走勢較強，分別上漲0.7%、0.22%及0.01%。終場指數下跌148點，收在10308點，成交量能為1177億元。
 
【資金動向】：
三大法人合計賣超133.55億元。其中外資賣超110.28億元，投信賣超9.26億元，自營商賣超14.05億元。外資買超前五大為聯電、兆豐金、欣興、亞泥、台灣高鐵；賣超前五大為台積電、鴻海、旺宏、友達、大同。投信買超前五大為冠德、第一金、日盛金、上海商銀、台塑；賣超前五大為頎邦、南電、開發金、欣興、日月光投控。資券變化方面，融資減2.1億元，融資餘額為1246.41億元，融券減0.01萬張，融券餘額為36.02萬張。外資台指期部位，多單減碼5317口，淨多單部位40980口。借券賣出金額為35.16億元。類股成交比重：電子75.43%、傳產19.11%、金融5.46%。
 
【今日盤勢分析】：
華為風暴越演越烈，國際企業聯手圍堵中國企業已成趨勢，美中貿易戰衝突不斷擴大，市場避險情緒持續加溫，使台股買盤乏力，且技術面偏空，皆不利台股表現。後市行情，分析如下：第一、國際股市部分。配合美國的封殺行動，英國晶片架構設計商ARM已決定停止與華為的所有業務往來。在缺乏架構授權之下，華為後續資訊通信產品均宣告難產，自高階市場產品淘汰出局；此次國際聯手封殺華為的行動已來到高峰，且還包括海康威視、大疆無人機等也預期列入下一波制裁名單，全球科技類股後勢不容樂觀。第二、繼摩根士丹利發出對特斯拉股價最壞狀況可能只剩10美元的預警後，美國權威期刊”消費者報告”指出，特斯拉的自動駕駛功能存在嚴重的安全問題，其中自動違法超車的狀況特別嚴重；而特斯拉未給予正面回應，僅指出使用者仍需自行注意駕駛風險。近期特斯拉在出車狀況不如預期、暴露財務結構脆弱等多重利空下，股價屢創兩年來新低，將不利電動車產業鏈類股表現。第三、技術面觀察。台股跳空跌破年線支撐，先前數日的反彈再次形成新一波套牢賣壓，且短中期均線持續下彎，上檔壓力持續增加，下檔的半年線支撐顯得相當薄弱。加上外資期現貨持續偏空，台股於技術面及籌碼均不利後市。第四、昨日盤面觀察。ARM封殺華為引發市場對RISCV架構應用想像，帶動IP廠商晶心科股價漲停鎖死；華為供應鏈類股遭法人大幅下調評等，聯亞、日月光、欣興、南電、大立光等均重挫作收；COF題材因華為事件使手機市場不確定性相對提高，賣壓出籠使相關類股包括頎邦、易華電均重挫。
 
【投資策略】：
美國持續展開聯合全球產業鏈圍堵中國高科技企業之手段，科技業供應鏈受到巨大衝擊，更使美中貿易戰難以和平收場。在全球金融市場動盪下，新興市場避險情緒升溫，資金外逃嚴重。台股在技術面、籌碼面均呈弱勢，近期表現不宜樂觀，逢反彈應站在賣方，待不利因素消除後再進場布局。波段投資者可逢低留意轉單效應族群及高殖利率概念股等。",2019-05-24
10,日盛投顧：台股收跌1.42%，但仍守穩半年線,"1.ARM的IP可能不再支援華為，進一步衝擊華為供應鏈，週四台股開低走低震盪，最高點10,404點未收復10日線（10,484點）、季線（10,645點）及月線（10,719點），最低點10,289點創波段低再度失守5日線（10,403點）及年線（10,436點）但仍守穩半年線（10,232點），此次創低不似前面兩個低點10,363點的收長下影線及10,342點的長紅棒，反而出現長黑K棒，終場指數下跌148.85點，跌幅1.42%，收在10,308.37點，成交金額為1,181.46億元，約當於5日均量（1,169億元）及20日均量（1,190億元）。三大法人合計賣超132.73億元：外資賣超110.25億元、投信賣超8.44億元、自營商賣超14.05億元。
2.由以下三個面向檢驗加權指數方向及強弱：（1）、量能：回檔量縮或反彈成交量大於月均量方有利於大盤止穩。（2）、均線：支撐為半年線附近，壓力為年線至季線。（3）、技術指標：KD開口向下，9日K值（13）位處超賣區，短期弱勢但醞釀反彈。
3.櫃買指數跌幅1.07%，收在131.53點，以櫃買指數的線型及指標角度而言，支撐為128點附近，壓力為年線（136點）附近，KD技術指標開口向下，9日K值（17）位處超賣區，跌深後將有機會反彈。近期法人著墨較深的族群包括IC設計、遊戲、太陽能、金融、生技等。
4.台股選股方向可留意5G、半導體、PCB、系統整合、高殖利率、越概、生技、內需、自行車、高爾夫球相關、金融等。
半導體、安控、越概、生技、內需、高爾夫球相對抗跌
1.半導體：全球封測前十大第一季僅有2449京元電、6147頎邦營收年成長為正數，IC設計重點股包括2454聯發科、3034聯詠、6462神盾、8081致新、6533晶心科、4919新唐、3545敦泰、5351鈺創等，任天堂有望進軍大陸市場，供應鏈2337旺宏、3227原相、4968立積、2379瑞昱等將有機會迎來成長動力。
2.安控：美國可能對陸廠發出禁令，安控有機會因中美貿易轉單，3454晶睿、3356奇偶、8072陞泰等有機會受惠。
3.越概：越南在中美貿易戰中相對受惠，相關概念股包括9910豐泰、9938百和、1434福懋、4426利勤、1477聚陽、1476儒鴻、4401東隆興、5288豐祥-KY等。
4.生技：生技業擁政策性利多，可留意包括原料藥4119旭富、新藥4162智擎、3176基亞、1762中化生、4180安成藥、4157太景*-KY、1760寶齡富錦、4123晟德、1795美時、4147中裕、4174浩鼎、1701中化、4108懷特、6461益得、6497亞獅康-KY、醫材4107邦特、4736泰博、4171瑞基、保健食品8436大江、1707葡萄王、4743合一、3205佰研、醫美4137麗豐-KY、4190佐登-KY、1786科妍、運動器材1736喬山、臍帶血1784訊聯等。
5.內需：選股方向可朝運輸/汽車的2633台灣高鐵、2640大車隊、2207和泰車、食品1215卜蜂、超商2912統一超、5903全家、環保8341日友、綠能3023信邦、清潔用品1730花仙子、營建2520冠德、生命事業5530龍巖等族群及個股。
6.高爾夫球：伍茲重返榮耀，高爾夫球運動再起，指標有8924大田、8928鉅明、8938明安等。
7.藍芽耳機：產品價格進入需求量爆發的甜蜜點，相關公司如3227原相、2379瑞昱、2454聯發科、5272笙科、6202盛群、4919新唐、6568宏觀、2439美律、6217中探針、2340光磊、2356英業達、4915致伸、2367燿華、6558興能高、3376新日興等長線可望受惠。
8.高殖利率：股利政策近期為市場關注焦點，可留意如2404漢唐、2886兆豐金、台塑三寶、1101台泥、1102亞泥、2501國建、2204中華、2707晶華等。",2019-05-23
11,統一證券：台股月線將與季線死亡交叉，技術面維持空...,"【昨日盤勢】：
受美股四大指數上漲激勵，台股以上漲17點至10481點開出後，在台積電股價強勢推升下，指數上攻至最高10520點；不過由於美國在華為事件後，又逐一點名中國重量級科技業者大疆創新及海康威視，市場擔心後續還有一連串黑名單，美中貿易戰勢必持續加碼，導致聯發科、華碩、台達電、南亞科等紛紛走弱，拖累指數由紅翻黑，終場留下長上影線並以黑K棒作收。觀察盤面變化，電子上漲0.36%，金融及傳產則分別下跌0.5%及0.55%。在次族群部份，以半導體、觀光、運輸走勢最強，分別上漲1.32%、0.73%及0.43%。終場指數下跌7點，收在10457點，成交量能為950億元。
 
【資金動向】：
三大法人合計賣超107.59億元。其中外資賣超111.22億元，投信買超7.94億元，自營商賣超4.32億元。外資買超前五大為中工、旺宏、臺企銀、如興、百和；賣超前五大為群創、開發金、鴻海、玉山金、新光金。投信買超前五大為聯電、華通、緯穎、聯茂、原相；賣超前五大為長榮、日月光投控、台達電、卜蜂、高技。資券變化方面，融資增1.85億元，融資餘額為1248.52億元，融券增1.02萬張，融券餘額為36.03萬張。外資台指期部位，多單減碼3585口，淨多單部位47497口。借券賣出金額為34.42億元。類股成交比重：電子71.24%、傳產22.1%、金融6.66%。
 
【今日盤勢分析】：
由於美國持續針對中國高科技產業進行壓制，短期內美中貿易戰勢必無法平息，加上川普到處點燃戰火，國際金融動盪不安，恐將使資金自台股流出至避險貨幣，加上台股技術面偏空，皆不利台股表現。後市行情，分析如下：第一、國際股市部分。儘管美國商務部於5/20宣布給予華為寬限期 90 天，對華為禁制令將延後至 8 月下旬才會正式生效，給與美國企業緩衝時間因應。但隨後Google即表示將撤銷「停止提供華為軟體更新」的決定，並對華為的手機用戶發送軟體更新，直到 8 月 19 日止，此利多激勵美國科技股5/21強彈，但是美國對於中國科技發展的打擊力道依舊強勁，除了強力壓制華為營運外，美國國土安全部更於5/20表示陸製無人機恐會把敏感資料傳送至中國，劍指無人機龍頭大疆創新。可預測美國未來將持續以保護美國安全為名，對中國高科技產業進行打壓。第二、雖然美國對歐洲暫停對輸美汽車提高關稅，但是川普在集中火力對付中國下，已經使全球金融市場宛如驚弓之鳥，市場投資信心薄弱，國際資金流向避險貨幣，導致美元與日圓持續升值、亞洲貨幣大貶，恐將使台股熱錢外逃、資金動能減弱，不利台股後續表現。第三、從技術面觀察。台股周線、月線、年線皆持續下彎，月線近期將與季線死亡交叉，加上外資期現貨偏空操作、KD指標持續低檔鈍化，台股技術面維持空頭格局。第四、昨日盤面觀察。受到美國商務部給華為90天寬限期激勵，5/21美國費半指數強彈2.13%帶動昨日國內半導體族群表現強勁，立積、矽創、瑞昱皆漲逾5%，不過華為風暴並未平息，相關個股未來營運仍有諸多疑慮，股價後續表現不宜過度樂觀；近期資金避風港金融類股昨日股價偏弱，富邦金、開發金、第一金、台新金皆跌逾1%。
 
【投資策略】：
由於持續打壓中國侵犯國安之高科技產業是川普既定戰略，將使全球相關供應鏈受到衝擊，美中貿易戰短期內恐將無法平息。而且川普集中火力對付中國，雙邊下階段談判遙遙無期，全球金融市場動盪，資金持續流向避險貨幣。加上台股技術面呈現空頭格局，不利台股近期表現。現階段逢反彈應站在賣方，待不利因素消除後再進場布局。波段投資者可逢低留意轉單效應族群及高殖利率概念股等。",2019-05-23
12,統一證券：台股短期醞釀弱勢反彈,"【昨日盤勢】：
受美股四大指數下跌影響，台股以下跌36點至10362點開出，在美國商務部發布給予華為90天臨時許可之下，科技股止跌，傳產由金融、汽車領軍，科技股由玉晶光、被動元件及散熱族群反攻，使指數由黑翻紅，終場以長紅K棒作收，並且重新站上年線。觀察盤面變化，金融及傳產領漲，分別上揚1.67%及1.52%，電子則下跌0.18%。在次族群部份，以汽車、百貨貿易及玻璃陶瓷走勢最強，分別上漲5.42%、2.57%及2.43%。終場指數上漲66點，收在10464點，成交量能為1283億元。
 
【資金動向】：
三大法人合計賣超35.22億元。其中外資賣超71.78億元，投信買超4.38億元，自營商買超32.19億元。外資買超前五大為元大金、聯電、臺企銀、第一金、台新金；賣超前五大為台積電、群創、旺宏、鴻海、開發金。投信買超前五大為兆豐金、台灣大、冠德、第一金、台泥；賣超前五大為友達、群創、奇鋐、日月光投控、南電。資券變化方面，融資減0.85億元，融資餘額為1246.67億元，融券減0.78萬張，融券餘額為35.01萬張。外資台指期部位，多單減碼1661口，淨多單部位51082口。借券賣出金額為38.24億元。類股成交比重：電子69.2%、傳產22.5%、金融8.3%。
 
【今日盤勢分析】：
美中貿易戰由關稅議題延伸至科技戰，川普拿華為開刀，並且已點名下個目標是中國無人機大廠大疆創新，引爆全球股市重挫，經濟成長率也再度面臨下修危機，在負面訊息持續籠罩下。後市行情，分析如下：第一、美國商務部給予華為90天臨時許可。美國商務部在5/16以危害國家安全為由，將華為及其68家關係企業列入出口黑名單，並於5/17起禁止上述企業購買美國企業產品。但為了避免既有使用華為設備的企業造成危害，美國商務部於5/20發布臨時許可，前述企業可購買美國產品用以維護現有網路設備及提供軟體更新，但仍禁止華為關係企業購買美國零組件用以生產新商品。因此，看似華為禁售令有轉圜空間，使全球受創科技股昨日上演反彈行情；但實際上並未緩解對美國半導體、甚至全球科技業衝擊。第二、貿易戰開打，OECD調降2019年全球經濟成長率由3.3%降至3.2%。而根據彭博經濟預測，至2021年中，貿易戰爭使全球經濟成長減少0.6%，約當減少6000億美元經濟規模。關稅貿易戰將導致物價上漲，消費需求下降；抑或是廠商利潤降低進而壓抑人工薪資成長，也間接影響消費需求。因此，美中貿易戰續戰，將衝擊美國、中國，甚至其他周邊國家經濟。第三、從技術面觀察。昨日台股指數以長紅棒站回年線10442點，加上KＤ落於20以下超賣區，且RSI5已向上穿越RSI10，短期技術面醞釀跌深反彈。然目前台股指數向上反彈即面臨5日、10日、月線及季線的層層反壓，縱使反彈也僅是弱勢反彈。且在外資期、現貨均站在賣方下，應逢高減碼，持盈保泰。第四、美國將集中火力對付中國，取消對加拿大、墨西哥的鋼鋁課稅。台灣鋼鋁產品銷美，仍面臨高達25%關稅，價格將無競爭力。此外，台灣鋼品銷售歐洲配額也將額滿而須面臨25%關稅課徵壓力，使專鋼鋁產品外銷歐美，都面臨挑戰。中鋼將於本周開出第三季盤價，預期報價將走跌。鋼鐵族群在外銷需求減弱、報價趨勢負向下，建議將低持股。
 
【投資策略】：
美國商務部給予華為90天臨時許可，使美國及亞洲相關供應鏈類股跌深反彈。然而，貿易戰演變至科技戰，縱使短期有備貨急單，但長期供應鏈移轉、庫存去化及物價通膨問題，將持續衝擊經濟。雖然昨日台股站回年線，技術面醞釀反彈，但貿易戰衝擊未解，新增利空炸彈將隨時引爆，現階段逢反彈應站在賣方，待不利因素消除後再進場布局。波段投資者可逢低留意轉單效應族群及高殖利率概念股等。",2019-05-22
13,旺宏5/22~24參加CLSA證券舉辦之法說會,"公開資訊觀測站重大訊息公告
(2337)旺宏本公司受邀參加 CLSA 證券舉辦之CLSA Japan Forum 2019符合條款第四條第XX款：12事實發生日：108/05/22
1.召開法人說明會之日期：108/05/22 ~ 108/05/242.召開法人說明會之時間：15 時 00 分 3.召開法人說明會之地點：日本4.法人說明會擇要訊息：本公司受邀參加 CLSA 證券舉辦之 CLSA Japan Forum 2019，會中就本公司108/4/25法說會已公開資訊做說明。5.其他應敘明事項：無完整財務業務資訊請至公開資訊觀測站之法人說明會一覽表或法說會項目下查閱。",2019-05-22
14,統一證券：台股中線空頭格局恐逐漸形成,"【昨日盤勢】：
昨日早盤因亞股走強，台股以上漲21點至10405點開出，隨後在統一、和泰車、豐泰及台塑四寶等傳產權值股帶動下，指數走高一度上揚81點，達10465點；但隨盤中陸股走弱，台積電、環球晶、聯詠及瑞昱等電子權值股拉回，指數逐步走弱，終場僅以小紅作收。觀察盤面變化，三大類股漲跌互見，其中傳產及金融分別上漲0.86%及1%，電子則下跌0.56%。在次族群部份，以電器、紡織及汽車走勢最強，分別上漲2.55%、1.68%及1.62%。終場指數上漲14點，收在10398點，成交量能為1060億元。
 
【資金動向】：
三大法人合計賣超30.5億元。其中外資賣超43.6億元，投信賣超0.1億元，自營商買超13.1億元。外資買超前五大為奇鋐、和鑫、兆豐金、遠東新、開發金；賣超前五大為群創、台積電、旺宏、友達、聯電。投信買超前五大遠東新、第一金、兆豐金、中華電、台泥；賣超前五大為奇鋐、南茂、京元電、南電、欣興。資券變化方面，融資減6.12億元，融資餘額為1247億元，融券增0.01萬張，融券餘額為35.7萬張。外資台指期部位，多單加碼4787口，淨多單部位52743口。借券賣出金額為40.64億元。類股成交比重：電子74.1%、傳產21.4%、金融4.4%。
 
【今日盤勢分析】：
美中貿易戰復燃，雙方除了互徵關稅外，美國亦準備將剩餘中國輸美國商品加徵25%關稅。在此同時，川普再加開制裁華為的新戰線，在負面訊息持續籠罩下。後市行情，分析如下：第一、加徵關稅至制裁華為，美國攻勢力度加快加大。原本只是川普5/6推特宣告調高2000億商品10%至25%。但在中國對美反擊課徵600億美元商品下，川普加碼對中剩下3250億美元商也進入課稅程序，且停止一切後續協商。雙方立場強硬，火車持續對撞，不但如此，美國再下重手，突襲制裁華為，自17日起，美國晶片禁止供貨華為。由於華為高階晶片仍有三成來自美國，故在庫存用罄後，對華為營運的影響將會遠大過當初的中興事件。第二、嚴防美國持續追殺華為，危及台灣供應鏈。除了美國晶片停止供應華為外，外傳Google亦終止與華為業務，此若成真，則華為新一代Android手機將無法使用Google Play與Gmail，影響甚鉅。至於台灣供應鏈，目前協助海思供應華為晶片的台積電對外聲明，仍持續供應華為晶片。但應提防的是，以去年中興事件為例，最後台灣經濟部仍將中興列為戰略高科技出口管制對象；如此一來貿易若持續擴大，台廠的華為供應鏈終將被迫選邊站停止供貨，以台積電、大立光為首的相關族群，將受衝擊。第三、從技術面觀察。在5/6川普的一封推特，即扭轉台股線型及走勢。持續性的下跌下，台股技術線型明顯走弱，月線以降之均線下彎走空明顯，本周十日線將向下跌穿季線，中線格局空頭格局逐漸形成。且在外資期、現貨均站在賣方下，應逢高減碼，持盈保泰。第四、貿易戰下的避風港，鞋材、紡織受惠大。美中貿易戰惡化，鞋材及紡織品牌廠將訂單自中國挪移至海外包括越南及東南亞等地區的趨勢將持續不變，Nike及Adidas等運動品牌廠的球鞋訂單，以及休閒品牌的戶外鞋訂單分配也會拉高東南亞地區的生產比重。台灣廠商受惠此趨勢，在鞋材部份推薦首選為豐泰及百和；在紡織部份推薦者為廣越、聚陽與儒鴻。
 
【投資策略】：
美國對中國貿易戰有集中且強化打擊面現象。除了取消加拿大、墨西哥鋼鋁關稅、計劃下波對中擴大課稅，集中打擊力度外；又在晶片供貨及軟體服務上持續制裁華為。美國對中施壓一波波，已對資本市場造成影響。台股連續二日收在年線之下，且外資持續賣超，技術線型走空。現階段應站在賣方，待不利因素消除後再進場布局。波段投資者可逢低留意轉單效應族群及高殖利率概念股等。",2019-05-21
15,漢唐接單旺，惟今年展望僅持平至成長,MoneyDJ新聞 2019-05-20 11:05:01 記者 張以忠 報導漢唐(2404)今(2019)年受惠台灣半導體客戶建廠需求帶動下單成長，1-4月接單金額達461億元、大幅優於去年底在手接單的250億元，今年1-4月累計營收85.60億元、年增107.88%，漢唐預期，今年新接訂單要至8-9月才會陸續開始認列、需要約3年消化訂單，今年全年而言，雖然台灣下單需求提升，不過受到中美貿易戰影響，中國在內的海外市場需求會降溫，漢唐僅給出今年營運持平至成長的保守展望。漢唐成立於1982年，為提供高科技產業建廠之系統集成服務公司，主要業務範圍包括技術顧問服務、高科技整廠集成專案及電腦、控制、無塵室、機電、電信系統等業務。漢唐2003年成立江西漢唐(持股75%)，之後再投資江西建工(持股20%)。漢唐2018年半導體營收約佔7成，其他主要是面板，目前漢唐最大客戶為台積電(2330)，其12吋廠有80%無塵室由漢唐承包，其他客戶包括力晶、華邦(2344)、旺宏(2337)以及美光。市場方面，2018年中國營收比重佔約47%，其餘主要是台灣。漢唐自去年下半年開始，陸續接獲來自台灣客戶建廠需求訂單，且一直延續至今年，帶動漢唐今年1-4月接單金額達461億元、大幅優於去年底在手接單的250億元，截至4月已簽約但還未認列營收訂單金額為626.55億元。漢唐今年第1季營收66.88億元、年增124.51%，主要為去年承接訂單持續認列所帶動，營業利益8.70億元、年增122.81%，稅後淨利7.15億元、年增277.42%，EPS為3.75元。漢唐今年1-4月累計營收85.60億元、年增107.88%，漢唐預期，今年新接訂單要至8-9月才會陸續開始認列、需要約3年消化訂單，今年全年而言，雖然台灣下單需求提升，不過受到中美貿易戰影響，中國在內的海外市場需求會降溫，且基於新接訂單認列營收時點較無法掌握，漢唐僅給出今年營運持平至成長的保守展望。毛利率方面，漢唐預期今年維持在13-18%水準。不過漢唐也預期，由於重要客戶後續建廠計畫相對明確，預期2020至2021年營收表現應能更上層樓。針對漢唐新接訂單為何要花三年消化？漢唐則指出，每一家客戶工期不一樣，最近接的訂單因為金額與所包含的內容較多，且根據客戶廠房應用，可能分多期，因此會花較長時間消化。,2019-05-20
16,統一證券：台股跌破年線支撐，趨勢顯著偏弱,"【昨日盤勢】：
上周五受美股三大指數走高帶動，台股以上漲34點至10508點開出後，市場對華為遭美國封殺導致的供應鏈利空引發恐慌情緒，相關類股賣壓出籠，指數迅速翻黑下挫。權值類股包括台積電、鴻海、大立光、日月光投控等賣壓沉重，指數持續走低跌破10400點關卡，終場再以長黑K作收。觀察盤面變化，電子類下跌1.91%，傳產及金融分別上漲0.34%及0.2%。在次族群部份，以食品、汽車、油電燃氣類走勢較強，分別上漲1.98%、1.78%及1.71%。終場指數下跌90點，收在10384點，周K二連黑；成交量能為1309億元。
 
【資金動向】：
三大法人合計賣超130.63億元。其中外資賣超104.47億元，投信賣超5.61億元，自營商賣超20.56億元。外資買超前五大為亞泥、兆豐金、奇鋐、統一、中工；賣超前五大為群創、旺宏、聯電、中信金、國泰金。投信買超前五大為兆豐金、卜蜂、台塑化、第一金、台灣大；賣超前五大為奇鋐、日月光投控、聯茂、穩懋、聯詠。資券變化方面，融資減1.55億元，融資餘額為1253.64億元，融券增0.61萬張，融券餘額為35.78萬張。外資台指期部位，多單減碼1215口，淨多單部位47957口。借券賣出金額為40.47億元。類股成交比重：電子73.39%、傳產20.67%、金融5.95%。
 
【今日盤勢分析】：
華為遭美國確定封殺，且中國官方態度強硬，國際市場恐慌情緒續增；台幣貶勢持續，外資籌碼不斷出逃，後勢仍然承壓。針對台股後市行情，分析如下：第一、國際股市部分。中國官媒人民日報罕見的重話抨擊美國於本次貿易糾紛心態扭曲且極為傲慢無知，商務部也指出目前無意願再和美方啟動下輪協商；而華為海思也發布公開信指出，當前已無緩衝區，將以科技自立方案來應對。美中貿易戰協商可能性逐步破裂，恐引起市場對科技類股獲利展望與評價的整體下修，影響層面不僅涵蓋供應鏈，更波及整體國際市場。第二、雖美股於前日三大指數收漲，但費城半導體指數受到華為事件影響，晶片類股全數重挫，對華為美國供應商以及整個通訊技術產業都將構成顯著威脅；研究部認為，由於華為在光纖產業和基地台市占率全球排名第一，手機產業也排名第二，而封殺案明顯影響高階產品的生產，將導致所有相關類股下半年營收的不確定性大增，對於股價屬利空因素。第三、技術面觀察。上周五台股指數黑K下挫跌破關鍵的年線支撐以及10400點，且外資期現貨同步賣超，技術面及籌碼面均偏空，下檔支撐移動至半年線的10211點，指數壓力極大。第四、上周五盤面觀察。5G概念股成為台股重災區，聯茂、聯亞均跌停鎖死，南電、欣興、穩懋、台燿、全新、臻鼎-KY等跌幅也超過7%；Q1受惠華為手機熱銷的大立光也股價承壓大跌9.4%；法人避險需求提升資金湧進食品類股，大成、卜蜂、統一均逆勢走強。
 
【投資策略】：
美中貿易戰雙方衝突越演越烈，華為遭美國行政命令制裁引發科技類股恐慌賣壓，台股指數跌破年線支撐，趨勢顯著偏弱。且外資期現貨籌碼均為賣超，技術線型弱勢，建議保守觀望以對，待不確定因素消除後再進場。波段投資者可逢低留意轉單效應的族群及高殖利率概念股等。",2019-05-20
17,美國進入國家緊急狀態，實體清單才是殺招,"美國總統川普 15 日簽署了《保障信息與通訊技術及服務供應鏈安全》行政命令，宣布了一項有關美國通訊網路遭受外國電信設備安全威脅的「國家緊急狀態」。
該命令禁止購買或使用由「外國對手」所控制的實體生產的任何通訊技術，避免造成美國通訊系統的被破壞的風險或對美國基礎設施造成災難性的後果。而很明顯的，外界普遍認為，所謂的外國對手就是中國，而實體就是華為。
同時，商務部也採取了一項獨立但相關的行動，將華為列入實體清單（Entity List）中，將有效禁止美國公司與華為開展業務，上一次受到如此待遇的中國公司就是中興通訊，儘管之後川普撤銷了此命令，改以鉅額罰款，但衝擊仍然是非常的明顯。這意味著美國公司未經商務部頒發許可證，也將不得向華為出售或轉讓任何商品及技術。
這可能會對整個世界範圍的電信基礎設施造成巨大的連鎖反應，除了傷害華為外，其美國供應商也將受到損失，且此舉可能會影響全球任何使用來包含美國技術的華為設備，未來如果他們若要更換來自美國的零組件，也將必須申請許可，這對整個供應鏈來講將會是個災難。當然這也會影響到如今更加緊張的中美貿易談判。
業界分析師正加緊評估此命令對全球產業鏈所帶來的衝擊，目前華為的美國核心供應商包括有，英特爾、高通、博通、微軟、Xilinx、Marvell、Analog Devices、Oracle、Keysight、IBM、Seagate、Western Digital、TTM、Skyworks、Qorvo、Lumentum、Finisar 等。而台廠則有，台積電、鴻海、大立光、聯發科、南亞科、旺宏、日月光、欣興電子、晶技、聯恩、華通等，被牽連的範圍可謂相當廣泛。（本文由科技新報授權轉載，首圖來源：Flickr/Kā；；rlis Dambrā；；ns&nbsp；；CC BY 2.0）",2019-05-16
18,《Q1財報》轉型模組+市況活絡 太陽能改善幅度大,"MoneyDJ新聞 2019-05-16 09:48:01 記者 萬惠雯 報導
半導體矽晶圓廠第一季除了環球晶(6488)因有長約保護逆勢獲利再創新高下，台勝科(3532)以及合晶(6182)獲利都持續較上季滑落；而在下游客戶端，第一季DRAM記憶體降價壓力擴大，南亞科(2408)以及華邦電(2344)上季獲利季衰退也有逾5成的水準。 
半導體矽晶圓第一季需求疲弱，主要是客戶端庫存高，故現貨市場需求低迷，價格緩跌，合晶第一季獲利季衰退8.5%，但公司強調，今年第一季以稅前淨利相較去年第四季並沒有減少，但因為今年開始要繳稅，所以稅後獲利減少，預料第二季營收約與第一季持平；台勝科則因比重較高在價格壓力大的12吋產品，獲利季衰退23%；磊晶廠嘉晶(3016)季衰退則逾7成的水準。 
而在下游記憶體族群，南亞科因DRAM價格第一季大降2成，銷售量季減10-15%，第一季獲利季減逾5成%，單季每股獲利為1.18元；同樣受到DRAM跌價之故，華邦電獲利也同樣季減5成；旺宏(2337)因提列庫存跌價損失等因素，第一季獲利更較前季大減95%的水準。 
而在記憶體模組族群，第一季表現較佳者為威剛(3260)以及廣穎(4973)，威剛表示，公司已於去年第四季提前反應記憶體庫存跌價損失，因此第一季毛利率順利回升至兩位數達10.8%，每股稅後淨利0.72元；展望第二季，威剛看好看好SSD將因NAND Flash跌價而需求增加，加上新款智慧手機、PC備貨需求將陸續出籠，記憶體價格跌幅可望在第二季趨緩，待下半年傳統旺季發酵後，記憶體市況將逐步穩定。 
而在太陽能市場，在農曆年前太陽能躉購費率敲定後，國內電廠安裝熱潮又起，客戶趕在4月底前併網還可享有去年的費率，故第一季模組業者稼動率全滿，推動元晶(6443)第一季成長轉盈；太陽能導電漿廠碩禾(3691)也從營運低迷中獲利回穩，單季每股獲利回到3.58元；網板廠商倉和(6538)也因為新產品成功受客戶採用，第一季每股獲利1.31元表現亮眼。",2019-05-16
19,《4月營收》矽晶圓度小月 太陽能聯合再生表現佳,"MoneyDJ新聞 2019-05-13 11:35:09 記者 萬惠雯 報導
半導體矽晶圓族群4月在環球晶(6488)受到日本黃金週提早放假而營收自創高下滑，下游的DRAM製造商南亞科(2408)、華邦電(2344)4月營收則持續回溫；而在太陽能產業，因3月營收已有搶裝潮的效應，故4月模組廠商包括元晶(6443)、安集(6477)4月營收都向下滑落，惟聯合再生(3576)因美洲專案模組開始出貨及系統相關營收上升，推動營收月堣逾19%。(圖為聯合再生董事長洪傳獻)
以半導體上游的矽晶圓族群來看，環球晶4月營收46.56億元，月衰退近18%，公司表示，環球晶在日本共有五座工廠，4月底時值日本黃金週連休長假，出貨天數銳減4天，是4月營收減少的主因之一，此外，環球晶圓與客戶簽訂的長約是以季為單位，為配合客戶庫存調整，環球晶圓同意客戶在同一季度內的各個月內有取貨數量的彈性。許多長約客戶在第一季的季末為完成第一季長約數量，所以取貨量較大，因此第二季的季首即會相對減少取貨；合晶(6182)4月營收月衰退為11%、台勝科(3532)4月營收也月衰退24%，顯見第二季矽晶圓現貨價仍是相當有壓力。 
而在矽晶圓的下游應用市場之一的記憶體製造商南亞科，4月份營收為月成長10%，華邦電4月營收月成長4.54%，旺宏(2337)4月營收月成長6.17%，顯示記憶體製造的需求正緩步回溫中。 
而在記憶體模組市場，4月份營收仍低迷，威剛(3260)4月營收達18.33億元，月衰退19%，威剛預期，DRAM及NAND Flash跌勢可望在上半年告一段落，第三季因需求回溫，記憶體價格將轉趨平穩，NAND Flash歷經一年多價格走跌，確實帶動整體SSD需求回籠，平均搭載容量持續提升，預期隨著NAND Flash成本下降，以及新一代QLC技術應用更為成熟，今年SSD滲透率可望大幅成長；創見(2451)4月營收月衰退12%；十銓(4967)4月營收月衰退16%，十銓表示，美中貿易戰的不確定性，市場需求仍須謹慎評估，十銓接下來除了持續品牌及電競的提昇外，工控利基型產品與技術整備也再擴大佈局。 
在太陽能產業，4月份以聯合再生表現最佳，4月營收達20.3億元，月成長19%，主因美洲專案模組開始出貨及系統相關營收上升；但模組業者4月則度小月，元晶4月營收月衰退3成，安集4月營收月衰退也達逾34%的水準。",2019-05-13
20,日盛投顧：台股收跌0.19%，支撐為季線至年線,"1.週五台股開高走低震盪，最高點10,834點未收復5日線（10,851點）、10日線（10,921點）及月線（10,942點），最低點10,669點守穩季線（10,597點）、年線（10,453點）及半年線（10,185點），終場指數下跌20.68點，跌幅0.19%，收在10,712.99點，成交金額為1,249.13億元，略小於5日均量（1,257億元）及20日均量（1,257億元）。三大法人合計賣超44.38億元：外資賣超37.81億元、投信賣超11.39億元、自營商買超4.82億元。
2.由以下三個面向檢驗加權指數方向及強弱：（1）、量能：回檔量縮或反彈成交量大於月均量方有利於大盤回穩。（2）、均線：支撐為季線至年線，壓力為10日線至11,000點。（3）、技術指標：KD開口向下，9日K值（22）小於50，短線修正。
3.櫃買指數漲跌幅0.38%，收在137.50點，以櫃買指數的線型及指標角度而言，支撐為5年線（135點）附近，壓力為5日線（139點）附近；技術指標：KD開口向下，9日K值（23）接近超賣區，短線整理。近期法人著墨較深的族群包括金融、遊戲、生技、高爾夫球具相關等。
4.台股選股方向可留意5G、半導體、PCB、工業4.0、鴻家軍、系統整合、高殖利率、越概、生技、內需、自行車、原物料、高爾夫球相關等。
半導體、藍芽耳機、PCB、越概、內需、自行車相對抗跌
1.半導體：IC封測指標為2449京元電、6147頎邦等，IC設計重點股包括2454聯發科、3034聯詠、6462神盾、8016矽創等，任天堂有望進軍大陸市場，供應鏈2337旺宏、3227原相、4968立積、2379瑞昱等將有機會迎來成長動力。
2.藍芽耳機：產品價格進入需求量爆發的甜蜜點，相關公司如3227原相、2379瑞昱、2454聯發科、5272笙科、6202盛群、4919新唐、6568宏觀、2439美律、6217中探針、2340光磊、2356英業達、4915致伸、2367燿華、6558興能高、3376新日興等長線可望受惠。
3.PCB：3037欣興受惠ABF基板供需吃緊，6552易華電COF基板營運正向，2383台光電、6213聯茂、6274台燿將受惠5G相關應用。
4.越概：越南在中美貿易戰中將相對受惠，相關概念股包括9910豐泰、9938百和、1434福懋、4426利勤、1477聚陽、1476儒鴻、4401東隆興、5288豐祥-KY等。
5.內需：選股方向可朝運輸/汽車的2633台灣高鐵、2640大車隊、2207和泰車、食品1215卜蜂、超商2912統一超、5903全家、環保8341日友、綠能3023信邦、清潔用品1730花仙子、生命事業5530龍巖等族群及個股。
6.高爾夫球相關：伍茲重返榮耀，高爾夫球運動再起，指標有8924大田、8928鉅明、8938明安等。
7.自行車：電動自行車滲透率逐步拉高，9914美利達、9921巨大、8163達方、6121新普等可受惠。",2019-05-10
21,旺宏 108年4月營收20.85億、年減28.14%...,"旺宏(2337)4月營收資料(單位千元) 
 
當月
本年累計
營收
2,085,374
8,114,273
去年同期
2,901,824
11,962,959
增減
-816,450
-3,848,686
增減百分比
-28.14%
-32.17%
    .FundView .opsTip div.opsTipLine
    {
        border-left: solid 2px #FFBB00;
    }",2019-05-07
22,"日盛投顧：台股收漲0.83%，壓力為11,200點附近...","1.道瓊指數續跌，週五台股開平走高震盪，最高點11,097點創反彈新高，本波大盤從9,319點起漲至11,097點已上漲1,778點，如以11,270修正至9,319點的反彈0.618及0.8計算，壓力分別為10,525及10,880點，目前0.618、0.8的10,525、10,880點及11,000點皆已滿足，而距離2018年高點的11,270點也剩不到2百點，上檔空間恐相對有限，最低點11,018點守穩5日線（10,992點）、10日線（11,000點）、月線（10,931點）、季線（10,522點）、年線（10,454點）及半年線（10,143點），終場指數上漲91.81點，漲幅0.83%，收在11,096.30點，成交金額為1,148.17億元，大於5日均量（1,129億元）但小於20日均量（1,285億元），後勢上攻仍待補量。三大法人合計買超67.66億元：外資買超41.60億元、投信買超6.60億元、自營商買超19.45億元。
2.由以下三個面向檢驗加權指數方向及強弱：（1）、量能：回檔量縮或反彈成交量大於月均量方有利於反彈延續。（2）、均線：支撐為月線附近，壓力為11,200點附近。（3）、技術指標：KD開口轉為向上，9日K值（67）大於50，短線偏多整理。
3.櫃買指數漲幅0.78%，收在142.46點，以櫃買指數的線型及指標角度而言，支撐為2年線附近，壓力為145點線附近，KD技術指標開口閉合，9日K值（45）小於50，短線整理。近期法人著墨較深的族群包括網通、IC封測、PCB、運輸、內需、高殖利率等。
4.台股選股方向可留意5G、半導體、PCB、工業4.0、鴻家軍、系統整合、高殖利率、越概、生技、內需、自行車、原物料、運輸等。
半導體、PCB、5G、運輸、自行車、內需、風電、高殖利率為盤面主流
1.半導體：IC封測指標為2449京元電、6147頎邦、3264欣銓等，IC設計重點股包括2454聯發科、3034聯詠、6462神盾、6411晶焱、3443創意、8016矽創、3661世芯-KY等，任天堂有望進軍大陸市場，供應鏈2337旺宏、3227原相、4968立積、2379瑞昱等將有機會受惠，6217中探針營運拚逐季向上。
2.PCB：6552易華電COF基板營運正向，4958臻鼎-KY有機會因APPLE轉換天線材質而受惠。
3.5G：5G商轉在即，可注意通訊5388中磊、6285啟碁、3491昇達科、3704合勤控、2345智邦、3596智易及光通訊的4977眾達-KY、6426統新、3163波若威、3081聯亞、3450聯鈞、4908前鼎等，PA在5G時代用量將增加，3105穩懋、2455全新等長線仍可關注，散熱6230超眾、3324雙鴻、3338泰碩、3017奇鋐、3653健策等也因5G而受惠，安控有機會因中美貿易轉單，3454晶睿、3356奇偶等有機會受惠。
4.運輸：產業谷底復甦，可留意2603長榮、2617台航、2605新興、2606裕民、2612中航等。
5.自行車：電動自行車滲透率逐步拉高，9914美利達、9921巨大、8163達方、6121新普等可受惠。
6.內需：選股方向可朝航空2618長榮航、運輸2633台灣高鐵、2640大車隊、食品1215卜蜂、超商2912統一超、5903全家、環保8341日友、綠能3023信邦、清潔用品1730花仙子、生命事業5530龍巖等族群及個股。
7.風電：政府大力扶持離岸風電，相關公司如3708上緯投控、1589永冠-KY、9958世紀鋼、2013中鋼構、2031新光鋼、2208台船等長線可持續觀察。
8.高殖利率：股利政策近期為市場關注焦點，可留意如6214精誠、6277宏正、2404漢唐、2886兆豐金、台塑三寶、1101台泥、2501國建、2204中華、2707晶華、2915潤泰全等。",2019-05-03
23,統一證券：台股量能未有失控，整理態勢穩中透強,"【昨日盤勢】：
受到蘋果財報及財測優於預期，股價強勢走升的激勵，帶動台股多方買盤進場。昨日台股以上漲25點至10992點開出後，早盤金融、傳產族群帶領指數上攻，包括國泰金、富邦金、統一超、中壽等表現強勢，指數一度拉升至11046點；不過，量能未有放大，指數漲幅收斂後狹幅整理，但終場仍守穩11000點關卡以紅K作收。觀察盤面變化，三大類股全數上漲，電子、金融及傳產分別上漲0.11%、0.94%及0.45%。在次族群部份，以百貨貿易、塑膠及資訊服務類走勢最強，分別上漲2.46%、0.96%及0.75%。終場指數上漲36點，收在11004點，成交量能為1011億元。
 
【資金動向】：
三大法人合計買超55.4億元。其中外資買超52.96億元，投信賣超0.43億元，自營商買超2.86億元。外資買超前五大為台積電、中信金、聯發科、元大金、台新金；賣超前五大為友達、世界、旺宏、第一金、群創。投信買超前五大為兆豐金、奇鋐、世界、聯電、長榮；賣超前五大為華航、開發金、京元電子、鴻海、欣興。資券變化方面，融資增4.33億元，融資餘額為1317.03億元，融券減3.99萬張，融券餘額為66.5萬張。外資台指期部位，多單減碼1047口，淨多單部位56707口。借券賣出金額為36.54億元。類股成交比重：電子69.18%、傳產20.7%、金融10.12%。
 
【今日盤勢分析】：
雖美股於前日尾盤受聯準會釋出不會降息的訊號而急挫，但也證實目前經濟數據持穩，短暫修正並無礙多頭趨勢；台股本周雖受部分電子股財報表現干擾，但在金融、傳產接力表現下，指數仍呈盤堅整理。對台股後市行情，分析如下：第一、聯準會主席於FOMC會議後指出，現階段的通膨疲軟屬於暫時性因素，經濟數據仍屬穩健，預期將朝聯準會制定的2%目標逐步靠攏；美國4月ADP就業新增27.5萬人更創下18年7月以來新高，預期本周在非農就業數據公布後，強勢的經濟成長可望帶動美股持續創高。第二、陸股19Q1財報季落幕，A股企業合計營收達到11.3兆人民幣，較去年同期成長近13%，顯示美中貿易戰造成的負面影響已逐步縮減；第十輪的美中經貿協商已經結束，雙方談判進展相當順利，預計5月中旬雙方能達成一致共識使貿易戰宣告落幕，將有利於陸股展開下一波多方走勢。第三、從技術面觀察。台股於11000點的前波套牢區呈現箱型震盪整理已超過兩周，昨日再度站回各期均線之上，且量能未有失控、外資現貨續站多方，雖消化累積套牢賣壓非一蹴可及，但整理態勢穩中透強，仍應偏多操作。第四、金融指成為大盤穩盤指標。台股金融指數今年以來的績效已達7.57%，近一周更為驚人的2.08%，包括台中銀、遠東銀、台企銀、玉山金等中小型銀行單周漲幅均超過5%，儼然成為當前大盤的多方領頭羊。致茂公布第一季獲利為0.72元，但量測儀器營收預期將於Q2步入旺季，利空出盡刺激股價漲停作收。
 
【投資策略】：
台股昨日在蘋果財測展望佳，以及金融、傳產輪動表現下，指數盤堅走強，終場再度收復11000點關卡。目前指數中、長期均線呈多頭排列，法人籌碼穩定偏多，且近期美中貿易談判漸入佳境，本周美國與台灣企業財報輪番公布，良好獲利展望可望帶動台股持續多頭格局，應偏多操作。操作上可留意紡織、製鞋、汽車、水泥、5G題材、PCB及高殖利率概念股等。",2019-05-03
24,國票證券：台股市場心態稍見觀望,"【盤勢分析】
儘管美國消費支出優於預期，但重要財報及 FOMC 會議待決，週一美股僅小漲作收，而台股週二以平高盤開出後，受到三巨頭表現偏弱影響，早盤下挫近 30 點，所幸金融股表現續強，加上傳產股及被動元件族群亦緩步走堅，促使指數重回平盤附近整理，直到 1 點過後在聯發科、旺宏等個股走高帶動下，大盤擺尾走高，終場上漲 28 點或 0.26%，以 10967 點作收，成交值為1086 億元。台股週線上漲 15 點或 0.14%；月線上漲 326 點或 3.07%。29 大類股漲多跌少，當中汽車類股在高價股和泰車領軍下勁揚 2.56%漲幅居冠，電子零組件及造紙類股亦在華新科、榮成等權值股的帶動下收高逾1%，表現相當亮眼，反觀其他電子受鴻海、可成下挫拖累而收低 1%，油電燃氣及鋼鐵類股也因台塑化、中鋼下跌而表現相對疲弱。籌碼方面，三大法人買超 6.03 億元，其中外資買超 1.05 億元。期貨部分，外資加碼多單 1306 口，持有淨多單回升至 57754 口。
 
【操作建議】
台股週二雖以短紅 K 作收，但指數依然持續在短均與月線之間震盪，盤勢維持狹幅整理態勢，就目前來看，有鑑於短線上量能偏弱，因此現階段先以月線能否站穩，作為短線盤勢的強弱依據。觀察台股自上週五出現較大拉回，使指數跌破 10 日均線後，盤勢轉而開始偏弱整理，近 2 個交易日都僅在 11000 關卡之下未及百點的區間內震盪，顯見市場心態稍見觀望。以投資人的角度考量，除了美台企業財報持續公布之外，還有美中新一輪磋商及 FOMC 會議等事件結果有待釐清，都難免影響投資心理，加上現有台股位階已高及萬一關卡的預期壓力下，也將使風險意識相對提高。整體而言，考量現階段國內外諸多因素持續干擾市場，料使短線操作心態受到影響，而蘋果季報表現尚佳，預料將會反映到週四蘋概股為主的電子股表現，建議觀察相關個股的走勢，作為短線擇股應對的參考。",2019-05-02
25,旺宏訂購機器設備一批，計17.12億元,"公開資訊觀測站重大訊息公告(2337)旺宏-本公司訂購機器設備公告1.標的物之名稱及性質（如坐落台中市北區ＸＸ段ＸＸ小段土地）:機器設備2.事實發生日:107/12/18~108/4/253.交易單位數量（如ＸＸ平方公尺，折合ＸＸ坪）、每單位價格及交易總金額:交易數量：一批；交易總金額：新台幣1,711,749仟元4.交易相對人及其與公司之關係（交易相對人如屬自然人，且非公司之關係人者，得免揭露其姓名）:Applied Materials South East Asia Pte, Ltd.；非關係人5.交易相對人為關係人者，並應公告選定關係人為交易對象之原因及前次移轉之所有人、前次移轉之所有人與公司及交易相對人間相互之關係、前次移轉日期及移轉金額:不適用6.交易標的最近五年內所有權人曾為公司之關係人者，尚應公告關係人之取得及處分日期、價格及交易當時與公司之關係:不適用7.預計處分利益（或損失）（取得資產者不適用）（遞延者應列表說明認列情形）:不適用8.交付或付款條件（含付款期間及金額）、契約限制條款及其他重要約定事項:依訂單條件付款9.本次交易之決定方式（如招標、比價或議價）、價格決定之參考依據及決策單位:比價及議價；依廠商提供之報價單及市場行情為參考依據；按本公司核決權限規定辦理。10.專業估價者事務所或公司名稱及其估價金額:不適用11.專業估價師姓名:不適用12.專業估價師開業證書字號:不適用13.估價報告是否為限定價格、特定價格或特殊價格:否或不適用14.是否尚未取得估價報告:否或不適用15.尚未取得估價報告之原因:不適用16.估價結果有重大差異時，其差異原因及會計師意見:不適用17.會計師事務所名稱:不適用18.會計師姓名:不適用19.會計師開業證書字號:不適用20.經紀人及經紀費用:無21.取得或處分之具體目的或用途:供生產及研發用22.本次交易表示異議之董事之意見:不適用23.本次交易為關係人交易:否24.董事會通過日期:不適用25.監察人承認或審計委員會同意日期:不適用26.本次交易係向關係人取得不動產或其使用權資產:否27.依「公開發行公司取得或處分資產處理準則」第十六條規定評估之價格:不適用28.依前項評估之價格較交易價格為低者，依同準則第十七條規定評估之價格:不適用29.其他敘明事項:無",2019-04-26
26,旺宏第一季合併獲利1.42億元，每股稅後0.08元...,"公開資訊觀測站重大訊息公告
(2337)旺宏本公司2019年第一季營運報告
1.事實發生日:108/04/252.公司名稱:旺宏電子股份有限公司3.與公司關係(請輸入本公司或子公司):本公司4.相互持股比例:不適用5.發生緣由:旺宏電子股份有限公司 (股票代號：2337) 於今天公佈其2019年第一季公司自行結算之財務數字，其皆為合併報表數字，係依照金管會認可之國際財務報導準則 (TIFRS) 所編製。2019年第一季財務重點營收淨額2019年第一季合併營收淨額為新台幣60.29億元，較前一季(2018年第四季)減少33%，較去年同期(2018年第一季)減少33%。營業毛利與營業毛利率2019年第一季營業毛利率為25%，低於前一季(2018年第四季)28%，同時低於去年同期(2018年第一季)42%。本季營業毛利為新台幣15.31億元營業費用與營業利益本季營業費用新台幣14.46億元，較前一季減少25%，較去年同期減少21%。營業利益為新台幣0.86億元，相較前一季營業利益為新台幣6.14億元，而去年同期營業利益為新台幣19.95億元。營業淨利與每股盈餘本季稅前利益為新台幣1.44億元，相較於前一季新台幣31.18億元，及去年同期新台幣18.96億元。2019年第一季所得稅費用新台幣0.02億元，稅後利益為新台幣1.42億元。本季每股盈餘為新台幣0.08元，前一季每股盈餘為新台幣1.57元，去年同期每股盈餘為新台幣1.04元。本季每股淨值為新台幣17.24元。流動性資產與現金流量負債總額佔資產總額為47.3%，高於前一季46.9%。現金與約當現金於2019年3月31日止為新台幣110.64億元，本季存貨淨額較上一季之新台幣179.49億元，增加新台幣5.26億元至新台幣184.75億元。負債總額為新台幣284.38億元，較上一季底新台幣276.88億元增加新台幣7.50億元。股東權益為新台幣316.95億元。本季折舊與攤提費用為新台幣6.24億元。本季自營業活動產生淨現金流量為新台幣2.49億元。本季的資本支出為新台幣26.03億元，主要為機器設備採購。業務重點快閃記憶體(Flash)及唯讀式記憶體(ROM)出貨分別佔營收淨額71%及21%2019年第一季營業收入淨額以產品銷售組合來區分，快閃記憶體佔本季營收淨額71%，營收淨額較前一季減少7%，較去年同期減少33%。唯讀式記憶體(ROM)佔本季營收21%，營收淨額相較於前一季減少68%，較去年同期減少38%。晶圓代工事業群佔本季營收淨額8%，營收淨額較前一季增加2%，較去年同期減少33%。6.因應措施:無7.其他應敘明事項:無",2019-04-25
27,日盛投顧：台股收漲12.22點，趨勢偏多,"1.週四台股持續維持整理走勢，盤中2303聯電因庫藏股呈現漲停，IC設計表現相對強勢，但大型權值股熄火，收盤指數小漲12.22點，以11039.86點作收，成交量為1133.15億元。
2.由以下三個面向檢驗加權指數方向及強弱：（1）、量能：低於五日均量(1183億元)，需補量方有機會突破前高。（2）、均線：短、中、長期均線維持多頭排列，趨勢偏多。（3）、技術指標：KD開口閉合，短線維持整理。
3.櫃買指數近期在外資賣超下，維持整理走勢，但仍守穩五日均線，大型股6488環球晶、5347世界呈現小漲，其餘像是3105穩懋、8299群聯、8436大江、6147頎邦等漲跌互見，目前櫃買指數與加權相同呈現量縮，留意本土法人動態。
4.三大法人周四買超8.03億元，其中外資與陸資+7.68投信-1.60億元、自營商+1.95億元。
傳產以成衣類較強 電子聚焦IC設計、蘋概
1.蘋概：4958臻鼎-KY布局5G與車用相關、6269台郡則在外資看好受惠天線市場，3008大立光首季財報亮眼，且對第二季樂觀，股價轉強，而蘋果將在台北時間4月31日，預計第二財季的營收在550億美元到590億美元之間，這一預計低於2018財年同期，觀察其財報表現。
2.半導體：2303聯電公布財報，預期第二季營運回升，加上實施20萬張庫藏，激勵股價漲停。
3.IC設計:6415矽力-KY受惠於INTEL CPU產能轉佳，加上SSD滲透率提高，股價走強；3035智原第二季在ASIC成長下，淡季不淡，股價逼近年線：3034聯詠在OLED驅動IC需求增加以及配息8.8元為近三年新高，股價盤中創波段新高；3443創意聚焦AI股價挑戰年線。
4.記憶體：外資看好NOR Flash最壞情況已過，帶動2344華邦電、2337旺宏等股價表現；3260威剛表工業級micoro SD卡，激勵股價走強。
5.紡織:成衣族群主要受惠於東京奧運商機，品牌運動服飾代工量增加，1476儒鴻股價創波段新高，1477聚陽維持強勢。",2019-04-25
28,旺宏Q1獲利年減逾九成，EPS 0.08元、創近兩年新...,MoneyDJ新聞 2019-04-25 15:30:42 記者 新聞中心 報導旺宏(2337)公佈今(2019)年第一季合併營收60.29億元，季減33%，年減33%；稅後利益為1.42億元，季減95%，年減92%；每股盈餘0.08元，低於前一季的1.57元及去年同期的1.04元，為近兩年新低。旺宏第一季營業毛利率為25%，低於前一季的28%及去年同期的42%；營益率為1%，分別低於前一季的7%及去年同期的22%。第一季資本支出為26.03億元，主要為機器設備採購。從營收比重觀察，旺宏第一季營收淨額以產品銷售組合來區分，快閃記憶體佔營收淨額71%，季減7%，年減33%；唯讀式記憶體(ROM)佔21%，季減68%，年減38%；晶圓代工事業群佔8%，季增2%，年減33%。,2019-04-25
29,統一證券：台股短期震盪整理難免,"【昨日盤勢】：
受到美股標普及NASDAQ指數再創新高激勵，台股昨日以上漲29點至11054點開出後，受亞洲股市下跌影響市場情緒，權值類股以鴻海、台塑四寶、聯發科等個股帶頭拉回，使指數一度翻黑，但尾盤在台積電、大立光買單拉抬下，仍守住11000點關卡及五日均線，終場並以小漲作收。觀察盤面變化，三大類股中電子、傳產分別下跌0.01%、0.07%，金融則上漲0.3%。在次族群部份，以電子通路、紡織、資訊服務類走勢最強，分別上漲0.77%、0.62%及0.45%。終場指數上漲1.9點，收在11027.6點，成交量能為1205億元。
【資金動向】：
三大法人合計賣超22.42億元。其中外資賣超12.4億元，投信買超2.81億元，自營商賣超12.82億元。外資買超前五大為欣興、美律、台積電、旺宏、百和；賣超前五大為群創、新光金、友達、日月光投控、玉山金。投信買超前五大為合勤控、合晶、中鴻、長榮、智邦；賣超前五大為華通、燿華、先豐、京元電子、金像電。資券變化方面，融資增5.99億元，融資餘額為1325.03億元，融?增1.14萬張，融券餘額為70.48萬張。外資台指期部位，多單減碼6139口，淨多單部位56118口。借券賣出金額為41.18億元。類股成交比重：電子76.34%、傳產18.89%、金融4.77%。
【今日盤勢分析】：
台股指數持續消化去年的套牢賣壓，雖盤中震盪顯著，但指數仍沿著五日均線緩步上攻，在5G概念股營運加溫、蘋果題材隨與高通和解顯著復甦，後市仍不看淡。對台股後市行情，分析如下：
第一、美國財報周表現優異，將持續推升市場信心。近期為美股財報公布時節，繼推特、Snapchat均公布優於市場預期的表現後，重量級企業包括亞馬遜、Intel、AT&T等也將陸續公布財報，預期在19Q1因貿易戰緩和的市場需求回溫及庫存去化，可望交出強勁的獲利表現，進一步帶動國際股市展開下一波漲勢。
第二、中國證監會公告終止針對高盛亞洲等外資券商的調查與審理並達成行政和解，為2015年以來證監會首次對外資放鬆監管力道；由於政策持續朝向國際化，外資投資條件逐步放寬，且納入MSCI權重，有助於陸股持續挑戰新高。
第三、從技術面觀察，台股仍盤堅持穩於五日均線之上，昨日雖有震盪依然站穩11000點關卡，目前均線多頭排列格局延續，雖去年的解套賣壓仍待時間消化，但籌碼面而言，外資偏多立場堅定，加上經濟數據穩中透強，多方氣勢未有削弱。
第四、昨日盤面焦點。散熱族群歷經短期拉回整理後再度走強，超眾漲停鎖死，泰碩、雙鴻、奇鋐表現也皆優於大盤。美律受惠無線藍芽耳機及揚聲器成長，出現帶量上揚7.7%作收。自動化設備廠商近期訂單動能逐步回溫，有脫離谷底跡象，族群股價也增添上漲動能，上銀、直得、全球傳動均帶量走強。
【投資策略】：
昨日台股指數雖受亞洲股市拉回影響，盤中出現震盪，終場仍在台積電領軍穩盤下以小漲作收，持續站穩11000點關卡。考量台股各期均線維持多頭排列，且美國企業財報可望優於預期，將帶動投資信心提升，加上外資籌碼穩定買超，台股短期震盪整理難免，但無礙整體偏多格局。投資建議逢低布局，可聚焦業績題材類股，包括紡織、製鞋、汽車、PCB、5G題材及高殖利率概念股等。",2019-04-25
30,"日盛投顧：台股收漲0.02%，壓力為11,200點附近...","1.週三台股開平高震盪，最高點11,070點逼近反彈波段高的11,077點，最低點10,995點守穩5日線（10,994點），終場指數上漲1.96點，漲幅0.02%，收在11,027.64點，成交金額為1,210.79億元，小於5日均量（1,309億元）及20日均量（1,299億元），量能較前兩個交易日增加。三大法人合計賣超22.35億元：外資賣超12.40億元、投信買超2.90億元、自營商賣超12.85億元。
2.由以下三個面向檢驗加權指數方向及強弱：（1）、量能：回檔量縮或反彈成交量大於月均量方有利反彈延續。（2）、均線：支撐為10日線附近，壓力為11,200點附近。（3）、技術指標：KD開口閉合，9日K值（79）大於50，短線偏多整理。
3.櫃買指數漲幅0.01%，收在143.48點，以櫃買指數的線型及指標角度而言，支撐為146點附近，壓力為140點附近，KD技術指標開口向上，9日K值（68）大於50，短線偏多震盪。近期法人著墨較深的族群包括散熱、PCB、IC設計、遊戲、PA、光通訊等。
4.台股選股方向可留意5G、PCB、工業4.0、IC設計、系統整合、生技、內需、越概、自行車、航太、風電、金融、高殖利率、鴻海集團股等。
LED、半導體、蘋概、網通、散熱、高殖利率為盤面主流
1.LED：2340光磊週二座談會吸引法人關注，2448晶電受惠應材停止供貨三安。
2.半導體：8016矽創挾感測器營運正向，3035智原第一季EPS創近6季新高，3227原相、4968立積、2337旺宏將隨任天堂Switch大啖大陸遊戲機商機。
3.蘋概：3406玉晶光將與大立光爭食高階鏡頭商機，2439美律將因APPLE擴大印度生產比重吃香。
4.網通：5G議題發燒，網通2314台揚、2332友訊及光通訊4979華星光週三相對強勢。
5.散熱：5G帶動需求，6230超眾、3324雙鴻、3338泰碩、3017奇鋐週二回檔後週三反彈。
6.高殖利：2404漢唐每股配發10元現金股息，殖利率達7%，2886兆豐金每股將配發1.7元現金股利，殖利率達6%。
7.【弱勢】PCB：陸資發表報告認為APPLE第四季將推出 2 款新 AirPods，預估2367燿華及2313華通或將因新 AirPods 變更設計而受重創，帶衰同族群4958臻鼎-KY、5349先豐及6213聯茂等。",2019-04-24
31,大摩說 NOR Flash 最壞週期已過，調升旺宏、華...,"根據大摩 (摩根士丹利，Morgan Stanley) 的最新研究報告指出，在產能利用率下降，市場需求增溫的情況下，NOR Flash 市場的最壞週期已經過去。因此，分別調升台廠旺宏、華邦電，以及中國廠商兆易創新的目標價。而受此利多消息的刺激，旺宏及華邦電 24 日股價均以紅盤開出，旺宏盤中股價最高一度來到每股 24.8 元的價位，而華邦電也有最高每股 16.95 元的表現。
根據大摩的報告指出，因為終端需求減弱，供應商在景氣下滑的情況下還是持續增產，這使得 2018 年下半年以來，廠商的營收也受到衝擊，因此過去一段時間的確保守看待 NOR Flash 市場的表現。只是，近來在供應商控管產能，使得產能利用率下滑，以及大環境變佳，市場需求回溫的情況下，NOR Flash 的市場報價跌幅開始收斂。預計，第 2 季跌幅將收斂到 5% 到 10%，而第 3 及第 4 季則各下跌到 5% 上下，比第 1 季出現雙位數跌幅明顯改善。
因此，受惠於市場價格下跌趨緩，還有需求增加的情況下，大摩認為因為相對於 DRAM 來說，NOR Flash 的基期較低，相對有較大調整空間，還有 NOR Flash 的定價已經在 2019 年 第1 季恢復到之前的低水準，沒有太大在向下的空間，以及 NOR Flash 的產業龍頭旺宏的策略遠比 DRAM 龍頭三星更為保守，價格不致有太大波動的情況下，加上未來 3 年個人電腦與伺服器對 NOR Flash 的需求將顯著增加，以廣泛的應用在於物聯網發展的情況下，將有利於供應商的營運。
而基於以上的原因，大摩分別調升旺宏及華邦電的目標價，各自從每股 14 元及 11 元，上揚到每股 29 元及 17.5 元的價位。而且也將兩家公司的股價評等，由劣於大盤拉升至優於大盤。(本文由科技新報授權轉載，首圖來源：旺宏)",2019-04-24
32,統一證券：台股將呈驚驚漲的震盪盤堅格局,"【昨日盤勢】：
受到美股科技股上漲激勵，台股昨日以上漲6點至10994點開出後，隨即賣壓出籠，在鴻海、大立光、雙鴻、超眾、國巨等電子股領頭下跌後，指數最多下跌38點，但在盤中鴻海在高雄市長韓國瑜聲明後，買單回籠，盤中指數由黑翻紅，但未突破開盤高點11011，11000點以上賣壓仍沉重，指數僅靠台積電支撐，盤中量縮全日振幅76點，終場指數仍守穩五日均線，以小紅作收。觀察盤面變化，三大類股全數上漲，其中電子、傳產、金融分別上漲0.38%、0.33%及0.25%。在次族群部份，以油電燃氣、其他電子、通信網路走勢最強，分別上漲1.24%、0.93%及0.81%。終場指數上漲37點，收在11025點，成交量能為1109億元。
【資金動向】：
三大法人合計買超23.16億元。其中外資買超34.21億元，投信賣超9.61億元，自營商賣超1.49億元。外資買超前五大為台積電、聯電、緯創、永豐金、百和；賣超前五大為華映、旺宏、晶電、中信金、京元電子。投信買超前五大為光磊、長榮、南電、瀚宇博、易華電；賣超前五大為鴻海、長榮航、亞泥、京元電子、台泥。資券變化方面，融資減0.76億元，融資餘額為1319.05億元，融?增3.11萬張，融券餘額為69.34萬張。外資台指期部位，多單加碼1523口，淨多單部位62257口。借券賣出金額為21.85億元。類股成交比重：電子80.18%、傳產16.16%、金融3.66%。
【今日盤勢分析】：
台股指數第五度挑戰11000點，收盤總算順利站上，台股持續沿著五日均線上攻，主要受惠美股電子股續強，觀察目前貿易戰可望落幕；而蘋果與高通達成協議，蘋果的手機可望如期問市，下半年5G概念股營運加速，台股技術面仍為多頭格局，但上檔11000點賣壓仍需時間消化，對台股後市行情，分析如下：
第一、美中貿易戰逐漸進入尾聲，雙方分別將於4/29及5/6進行第十及十一回合的談判，市場預期這兩次會議將針對高敏感議題達成共識，之後將於5月底或6月初在日本舉行川習會，共同簽署美中貿易協議，屆時美中貿易大戰將正式宣告落幕，有利全球經濟未來發展。
第二、經濟部公告3月外銷訂單385.9億美元，增加33.5%MOM，衰退9.0%YOY。合計第一季外銷訂單衰退8.4%YOY。展望未來，由於智慧型手機及高速運算裝置逐漸回溫，半導體庫存去化速度加快，加上AI、物聯網、車用電子、5G 通訊訂單回穩，後續值得期待。
第三、從技術面觀察，台股持續沿五日均線向上盤堅，昨日順利站上11000點，五日線也拉高至11001點，向上趨勢未變。目前台股均線多頭排列，五日、十日、月線、季線、半年線及年線等短、中、長期均線均呈多頭排列，有利多頭氣勢延續。但目前指數面臨去年11000點解套賣壓，仍需時間去化，短線指數將呈現驚驚漲的震盪盤堅格局。
第四、昨日盤面焦點在於高雄市長韓國瑜不參加國民黨總統初選，拉動鴻海、鴻準、亞太電等鴻海集團股由黑翻紅，而台積電宣布投入5奈米先進製程，股價穩定，短期台股大型權值股各自表現，支撐台股指數易漲難跌。
【投資策略】：
昨日台股指數由大型權值股領軍，終於順利站上11000點，考量台股短、中、長期均線均呈多頭排列，美中貿易戰即將落幕，美國企業財報普遍優於預期、資金寬鬆效應持續，加上外資持續買超，有利台股多頭氣勢延續。但目前指數面臨去年11000點解套賣壓，仍需時間去化，預期指數將呈現驚驚漲的震盪盤堅格局。操作上可留意紡織、製鞋、汽車、PCB、5G題材及高殖利率概念股等。",2019-04-24
33,統一證券：台股沿5日線上攻之格局未變,"【昨日盤勢】：
受到亞股早盤上漲激勵，台股昨日以上漲26點至10994點開出後，即在台積電、台達電、瑞昱、穩懋、臻鼎、統一超及和泰車等電子、傳產權值股走穩下，指數開高後維持盤上震盪，盤中指數最高攻抵11027點；不過，午盤過後，被動元件、鏡頭股、及IC設計股由紅翻黑，指數回吐漲幅，終場多頭仍守穩五日均線，以小紅作收。觀察盤面變化，三大類股漲跌互見，其中電子、傳產分別上漲0.19及0.24%，金融則下跌0.02%。在次族群部份，以電器、航運及通信走勢最強，分別上漲1.24%、0.8%及0.52%。終場指數上漲19點，收在10987點，成交量能為1115億元。
【資金動向】：
三大法人合計賣超16.8億元。其中外資賣超9.4億元，投信賣超2.6億元，自營商賣超4.7億元。外資買超前五大為京元電、台積電、華通、緯創、長榮；賣超前五大為華映、旺宏、台泥、中環、友達、群創。投信買超前五大瀚宇博、南電、日月光、台表科、台郡；賣超前五大為緯創、京元電、台泥、泰碩、義隆。資券變化方面，融資增13.05億元，融資餘額為1319億元，融券增0.59萬張，融券餘額為66.23萬張。外資台指期部位，多單減碼3159口，淨多單部位60734口。借券賣出金額為21.57億元。類股成交比重：電子71.8%、傳產23.3%、金融4.8%。
【今日盤勢分析】：
受到美股走強、台積電法說會展望正向，台股持續沿著五日均線上攻，昨日第四度挑戰11000點。
在美中貿易戰干擾淡化、產業面脫離谷底，對台股後市行情，分析如下：
第一、美國超級財報周登場，預估獲利優於預期者偏多。本周預估有152家標普500企業公布財報，其中除了24日AMD及MOBIL因基期因素及今年原油報價不如去年同期外，其餘可望均有不錯表現。年成長率預估表現較佳者有23日NUCOR+30%，24日波音+13%、VISA+11%、EBAY+17%、XILINX+63%，25日AMAZON+42%等。
第二、中國一帶一路峰會登場，陸股展望正向。一帶一路國際論壇將於本周在北京舉行，習近平將發表演講，預估有37個國家元首或政府首腦將出席。去年一帶一路在東南亞及歐洲都出現阻礙，但隨著今年義大利表態參與一帶一路及馬來西亞也於4/14重啟東海岸鐵路項目建設。這無異為今年一帶一路的推動注入一劑強心針，有利陸股。
第三、從技術面觀察，台股持續沿五日均線向上盤堅，雖然昨日收盤仍未站上11000點，但向上趨勢未變，站上只是時間早晚問題。目前台股均線多頭排列，五日、十日、月線、季線、半年線及年線等短、中、長期均線均呈多頭排列，有利多頭氣勢延續。而相對下檔支撐上移至十日線10905點位置，上檔11000點，壓力逐漸去化下，向上突破，指日可待。
第四、六大展登場，汽車零組件增溫。本週三(24)台北國際汽車零配件展(六合一展)開幕，可望為汽車零組件族群帶來加分效果。此外，中國車市3月銷量回升，政策上，因為增值稅率調降，而且上海市也啟動汰舊換新的補貼政策，其他地區後期也有望跟進，將能激勵第二季車市買氣。台股的汽車零組件族群短期除了有展覽的利多，中長期亦能正面期待業績回升，故對該族群續持正面看法，以逢低佈局智伸科、皇田、江興鍛、宇隆、東陽及堤維西等。
【投資策略】：
台股連續四日向上挑戰11000點，雖然未能成功站上，但指數沿著五日均線上攻之格局未變，向上攻克11000點只是時間問題。目前台股包括短、中、長期均線均呈多頭排列，且下檔支撐已上移至十日線10605點位置。考量美中貿易戰干擾日減、美國財報利多漸增下，台股將持續偏多格局不變。操作上可留意紡織、製鞋、汽車、PCB、5G題材及高殖利率概念股等。",2019-04-23
34,統一證券：台股技術面呈多頭格局，仍有高點可期,"【昨日盤勢】：
由於台積電法說釋出正面訊息，激勵上周五台股開盤直接開高上漲55點，再度攻上一萬一千點關卡。不過，由於上檔套牢賣壓沉重，加上大立光、鴻海、台達電股價轉弱翻黑，拖累台積電由歷史高價269元回跌，漲幅全部回吐，帶動指數由紅翻黑，並跌至最低10950點，尾盤低接買盤進場，指數拉升翻紅，終場以小漲作收，觀察盤面變化，三大類股中，電子下跌0.05%，傳產及金融則分別上漲0.13%及0.33%。在次族群部份，運輸、玻陶、生技醫療類股走勢較強，分別上漲1.11%、0.97%、0.77%。終場指數上漲6點，收在10968點，成交量能為1264億元，周線則上揚163點。
【資金動向】：
三大法人合計買超84.8億元。其中外資買超93.39億元，投信賣超7.9億元，自營商賣超0.7億元。外資買超前五大為旺宏、台積電、第一金、華邦電、百和；賣超前五大為晶電、友達、穩懋、中信金、奇鋐。投信買超前五大為南電、元太、台表科、創意、景碩；賣超前五大為第一金、正崴、亞泥、南茂、聯茂。資券變化方面，融資增5.74億元，融資餘額為1306.75億元，融券增3.8萬張，融券餘額為65.64萬張。外資台指期部位，多單加碼882口，淨多單部位63893口。借券賣出金額為20.76億元。類股成交比重：電子85.16%、傳產11.94%、金融2.9%。
【今日盤勢分析】：
台積電法說會釋出樂觀訊息，預期下半年景氣會更好；加上美中貿易談判進展良好，雙方領導人最快於下月見面，貿易戰可望落幕；而蘋果與高通達成協議，蘋果的手機可望如期問市；下半年5G概念股營運加速，台股整體技術面多頭格局不變，指數仍有高點可期。
對台股後市行情，分析如下：
第一、美中貿易戰逐漸進入尾聲，雙方分別將於4/29及5/6進行第十及十一回合的談判，市場預期這兩次會議將針對高敏感議題達成共識，之後將於5月底或6月初在日本舉行川習會，共同簽署美中貿易協議，屆時美中貿易大戰將正式宣告落幕，有利全球經濟未來發展。
第二、台股指標台積電於4/18法說會中釋出利多訊息，除了第一季的獲利及第二季營收季增率，符合市場預期外；台積電更指出，看好未來高效能運算商機、第二季庫存可望回歸季節性水位、目前已走出營運谷底、對下半年前景樂觀。
第三、高通和蘋果達成和解。高通和蘋果於4/16達成世紀大和解，雙方撤銷全球所有進行的專利訴訟，並簽署為期6年全球專利許可協議，市場預期原本可能會在2020年全球5G手機競賽中缺席的蘋果，此次和高通專利和解後，蘋果可望於2020年推出5G手機，重新加入戰局的機率大幅提升，有利改善蘋果手機銷售情況，國內蘋果供應鏈及5G相關企業未來營運樂觀，皆有助於蘋概股後續表現。
第四、上周五台股再度上演萬一關卡攻防戰，早盤一度接近11050點，儘管失守此關卡，但是各期均線向上走揚、維持多頭走勢、量能穩健升溫、KD指標高檔鈍化，外資期現貨偏多操作，多頭格局不變，攻克萬一近在咫尺。台積電早盤一度創歷史新高價269.5元、市值高達6.988兆元，離7兆元大關僅差一步之遙；旺宏在任天堂Switch可望進軍中國市場利多激勵下，強勢漲停、原相漲近9%，進而帶動記憶體族群走強，威剛漲逾7%、華邦電、南亞科、宜鼎紛紛收紅。
【投資策略】：
雖然上周五台股再度挑戰萬一關卡未能成功，但是整體成交量能持續溫和升溫、加上外資期現貨持續偏多操作、技術面呈現多頭格局，而且美中貿易戰火可望逐漸平息，台積電又釋出未來營運展望樂觀，指數攻上一萬一千點指日可待。建議持續偏多操作，選股可以聚焦鴻海集團、5G概念股、蘋概股、PCB、紡織、鞋材、汽車及高殖利率概念股等。",2019-04-22
35,日盛投顧：台股上檔空間恐相對有限,"1.週五台股開高震盪走低，最高點11,045點未再創波段高，本波大盤從9,319點起漲至11,077點已上漲逾1,700點，如以11,270修正至9,319點的反彈0.618及0.8計算，壓力分別為10,525及10,880點，目前0.618、0.8的10,525、10,880點及11,000點皆已滿足，而距離2018年高點的11,270點也剩約2百點，上檔空間恐相對有限，最低點10,950點守穩5日線（10,946點）、10日線（10,887點）、月線（10,746點）、年線（10,439點）、季線（10,343點）及半年線（10,047點），終場指數上漲6.48點，漲幅0.06%，收在10,968.50點，成交金額為1,270.67億元，小於5日均量（1,460億元）及20日均量（1,303億元）。三大法人合計買超84.83億元：外資買超93.40億元、投信賣超7.87億元、自營商賣超0.70億元。
2.由以下三個面向檢驗加權指數方向及強弱：（1）、量能：回檔量縮或反彈成交量大於月均量方有利反彈延續/大盤回穩。（2）、均線：支撐為10日線附近，壓力為11,270點附近。（3）、技術指標：KD開口向下，9日K值（76）大於50，短線偏多整理。
3.櫃買指數漲幅0.62%，收在143.56點，以櫃買指數的線型及指標角度而言，支撐為145點附近，壓力為141點附近，KD技術指標開口閉合，9日K值（66）大於50，短線偏多整理。近期法人著墨較深的族群包括散熱、PCB、IC設計、遊戲、PA、光通訊等。
4.台股選股方向可留意5G、PCB、工業4.0、IC設計、系統整合、生技、內需、越概、自行車、航太、風電、金融、高殖利率、鴻海集團股等。
5G、半導體、PCB、LED相對強勢
1.5G：5G商轉在即，可注意通訊5388中磊、6285啟碁、3491昇達科、3704合勤控、2345智邦、3596智易及光通訊的4977眾達-KY、6426統新、3163波若威、3081聯亞、3450聯鈞、4908前鼎等，PA在5G時代用量將增加，3105穩懋、2455全新等長線仍可關注，散熱6230超眾、3324雙鴻、3338泰碩、3017奇鋐、3653健策等也因5G而受惠，安控有機會因中美貿易轉單，3454晶睿、3356奇偶等有機會受惠。
2.半導體：2330台積電預告下半年營運將重回成長，IC封測、檢測指標為2449京元電、6147頎邦、3264欣銓等，IC設計各擁題材，包括2454聯發科、2379瑞昱、3034聯詠、6462神盾、6411晶焱、3443創意、3661世芯-KY、4966譜瑞-KY、5269祥碩、8016矽創、3035智原等，任天堂選擇與大陸網路巨頭騰訊聯手展開Switch的銷售業務，有望撬開長期對任天堂主機保持緊閉的大陸市場，供應鏈2337旺宏、3227原相將有機會受惠。矽晶圓6488環球晶等週五反彈。
3.PCB：ABF基板供需吃緊，相關公司如3037欣興、3189景碩、8046南電等將受惠，6552易華電受惠驅動IC需求成長，車用相關有5349先豐、3044健鼎、2367燿華等，2368金像電營運具轉機性，上游3645達邁的PI有摺疊機題材加持，2383台光電、6213聯茂、6274台燿也將受惠5G相關應用，資金輪動，上游5340建榮、硬板2313華通、4927泰鼎、5469瀚宇博等近期轉強。
4.LED：美商應材下令停止對廈門三安光電進行供貨，國內業者如2448晶電、6168宏齊、3437榮創、3698隆達、2393億光、3591艾笛森、2499東貝等有機會搶食轉單商機。
5.鴻海集團：郭董參予總統競逐近期為市場關注焦點，可留意相關集團股如2317鴻海、6414樺漢、6196帆宣、4958臻鼎-KY、3413京鼎、2314台揚、3682亞太電、2328廣宇、3062建漢、6668中揚光等。
6.內需：選股方向可朝航空2618長榮航、運輸2633台灣高鐵、2640大車隊、食品1215卜蜂、超商5903全家、環保8341日友、綠能3023信邦、清潔用品1730花仙子、生命事業5530龍巖等族群及個股。
7.高殖利率：股利政策近期為市場關注焦點，可留意如6277宏正、2404漢唐、2886兆豐金、台塑三寶、2204中華、2707晶華、2915潤泰全等。",2019-04-19
36,旺宏訂4/25召開線上法說會,公開資訊觀測站重大訊息公告(2337)旺宏-本公司召開2019年第一季法人說明會符合條款第四條第XX款：12事實發生日：108/04/251.召開法人說明會之日期：108/04/252.召開法人說明會之時間：14 時 00 分 3.召開法人說明會之地點：採網路視訊/電話會議方式舉行4.法人說明會擇要訊息：旺宏電子2019年第一季營運成果報告5.其他應敘明事項：無完整財務業務資訊請至公開資訊觀測站之法人說明會一覽表或法說會項目下查閱。,2019-04-15
37,統一證券：台股拉回風險持續提升,"【昨日盤勢】：
台股上周五以上漲12點至10820點開出後，市場觀望新一輪美中協商結果，使台股買盤力道放緩，權值類股以大立光、台塑、台化、環球晶、穩懋等表現弱勢，導致指數盤中翻黑後狹幅震盪，且成交量能再度縮減，終場便以小跌作收。觀察盤面變化，三大類股當中，電子上漲0.03%，傳產、金融分別下跌0.1%、0.11%。在次族群部份，以其他電子、其他類、食品類走勢最強，分別上漲1.95%、1.43%及1.01%。終場指數下跌3點，收在10805點，成交量能縮減至1193億元，周線以紅K作收。
 
【資金動向】：
三大法人合計賣超0.49億元。其中外資買超15.61億元，投信賣超3.13億元，自營商賣超12.97億元。外資買超前五大為鴻海、緯創、彩晶、玉山金、奇鋐；賣超前五大為大同、新光金、晶電、國泰金、旺宏。投信買超前五大為奇鋐、泰鼎-KY、鴻海、長榮、泰碩；賣超前五大為南茂、第一金、台表科、燿華、健策。資券變化方面，融資減1.7億元，融資餘額為1288.6億元，融券增2.57萬張，融券餘額為42.63萬張。外資台指期部位，多單加碼216口，淨多單部位63106口。借券賣出金額為25.4億元。類股成交比重：電子75.71%、傳產19.98%、金融4.31%。
 
【今日盤勢分析】：
美中貿易談判進展停滯不前，英國脫歐一案也藉故延宕，亞洲新興市場股市受不確定因素影響出現獲利了結賣壓，台股恐難置身事外。對台股後市行情，分析如下：
第一、國際股市部分。美國副總統彭斯公開指出，雖然美國對於與中國達成貿易協議存有信心，但在保護知識產權、結構性改革、技術轉讓等問題上若無法達成美方要求，美國也不惜做出加倍課徵關稅的懲罰性措施；美中貿易戰於去年展開以來歷經多次協商，但迄今仍難有進展，若兩國在公平貿易上未能取得共識，恐使談判就此破裂而導致全球風險資產市場再度陷入恐慌。
第二、Panasonic對外宣布，由於Tesla財務方面的問題，2018年10月Panasonic與Tesla展開的超級工廠的擴廠計畫將全面宣告中止，Tesla股價也應聲下挫；本月初Tesla公布了第一季的車款交付報告，並且該季的交車輛較前季下滑31%，遠低於市場預期，恐使近期表現不佳的電動車族群再度承受股價壓力。
第三、技術面觀察。上周五加權指數呈現量縮弱勢震盪格局，失守五日均線，且象徵內資買氣的櫃買指數連兩日重挫以當日最低作收，失守10日線支撐，市場獲利了結心態濃厚；指數量能持續縮減，市場對先前連續上漲造成的乖離進行修正，且在籌碼面上，外資期現貨多方力道明顯轉弱，操作上仍需謹慎逢高調節、持盈保泰。
第四、盤面焦點觀察。VHQ-KY遭爆料董事長掏空公司，雖公司發布聲明指出此為禿鷹集團所為，但股價仍跳空跌停鎖死；國際矽晶圓大廠Siltronic大幅調降財測，預估2Q19營運明顯放緩，全年獲利將大幅低於2018年，使國內矽晶圓族群也應聲下挫，環球晶、中美晶、合晶股價均表現弱勢；散熱元件族群仍為盤面焦點，受惠獲利展望強勁，泰碩、奇鋐、元山、協禧等均大漲超過4%作收。
 
【投資策略】：
台股於上周五指數呈現量縮弱勢震盪，並跌破短期均線支撐。目前時序進入重量級法說會及第一季財報公布，考量企業財報獲利表現平平以及第二季展望漸有雜音，加上貿易戰以及英國脫歐的不確定性增加，且10800點以上套牢賣壓沉重，指數拉回風險持續提升，操作上建議應多看少做，降低持股，持盈保泰，確保戰果。",2019-04-15
38,喬山等34檔股票4/12起暫停融券賣出四個營業日,自2019年04月12日起至2019年04月17日暫停融券賣出四個營業日的證券如下：(1736)喬山、(1802)台玻、(1809)中釉、(1817)凱撒衛、(2002)中鋼、(2006)東和鋼鐵、(2009)第一銅、(2013)中鋼構、(2023)燁輝、(2027)大成鋼、(2108)南帝、(2207)和泰車、(2228)劍麟、(2314)台揚、(2316)楠梓電、(2331)精英、(2337)旺宏、(2357)華碩、(2360)致茂、(2362)藍天、(2390)云辰、(2399)映泰、(2404)漢唐、(2413)環科、(2417)圓剛、(2421)建準、(2427)三商電、(2439)美律、(2448)晶電、(2457)飛宏、(2466)冠西電、(2492)華新科、(2504)國產、(2505)國揚。,2019-04-12
39,旺宏補正私募專區資訊,公開資訊觀測站重大訊息公告(2337)旺宏-補正本公司私募專區資訊1.事實發生日:108/04/112.公司名稱:旺宏電子股份有限公司3.與公司關係(請輸入本公司或子公司):本公司4.相互持股比例:不適用5.發生緣由:依財團法人證券投資人及期貨交易人保護中心來函指示，就本公司108年3月13日私募專區公告應予補正。6.因應措施:更新私募專區有關私募普通股、國內及海外轉換公司債之「辦理私募之資金用途及預計達成效益」乙欄。7.其他應敘明事項:無,2019-04-11
40,《3月營收》半導體矽晶圓環球晶創高；太陽能享搶裝...,"MoneyDJ新聞 2019-04-11 09:40:59 記者 萬惠雯 報導
半導體矽晶圓族群3月在環球晶(6488)不畏市況保守氛圍下，營收創單月新高表現，帶動族群信心回籠；而在太陽能產業，因4月底前併網掛錶仍可享有去年的電價回購費率，故3月廠商仍可有搶裝潮效應，3月營收普遍回暖，其中安集(6477)3月營收更創下新高表現。 
以半導體上游的矽晶圓族群來看，半導體矽晶圓3月營收表現最佳者為環球晶，在合約的支持下，環球晶3月營收創高，優於預期，月成長19.87%，也帶動子公司中美晶(5483)也同步創高；主要在現貨市場的台勝科(3532)3月營收雖然月成長25.86%，但仍有近2.5%的年衰退；合晶(6182)3月營收也有8.07%的月成長，年成長1.19%。 
而在矽晶圓的下游應用市場之一的記憶體製造商南亞科(2408)，3月份營收為月成長9.54%，年衰退逾44%，月營收跌幅有逐月擴大的趨勢，整體第一季ASP跌幅大於預期，南亞科3月位元出貨量月成長14-16%，但ASP仍是下滑4-6%，兩相抵減下營收較2月份回升；華邦電(2344)3月營收月成長13.99%，累計第一季年衰退10.44%，旺宏(2337)3月營收月成長8.84%，但年衰退達近4成的水準，則反應出終端需求仍疲弱，而在市場供過於求下，中低價位的產品報價混亂，價格干擾更大。 
而在記憶體模組市場，3月份以白牌DRAM模組廠商表現最亮眼，品安(8088)3月營收月成長52%，商丞(8277)繼2月營收大增後，3月持續再向上，商丞3月營收1.04億元，月成長達18%，年成長56%；威剛(3260)3月營收達22.69億元，月成長10.96%，3月DRAM產品營收貢獻比重50.85%，非DRAM產品營收貢獻49.15%。其中固態硬碟(SSD)自去年第四季起，出貨量與產品平均容量均穩步向上，3月SSD營收較2月成長18.39%；十銓(4967)3月營收6.2億元，月成長28%，第一季營收創近九年同期新高，第一季包括SSD及DRAM全系列產品出貨較去年同期成長15-40%，而工控/SI事業出貨更有翻倍以上的成長。 
在太陽能產業，3月份在工作天數回升以及業者趕在4月底前掛牌領表的趕裝潮下，推動太陽能模組出貨快速成長，聯合再生(3576)3月營收月增11.6%的水準，太極(4934)3月營收1.88億元，也有逾7.7%的月成長，元晶(6443)3月營收4.56億元，月成長幅度也有15.43%的水準，茂迪(6244)月成長逾6成的水準，而規模較小的安集，月成長達130%，創下單月新高，年成長也近18%的水準。 
而在太陽能整體市況回溫下，上游導電漿料(3691)3月營收也大幅回升，月成長81%，年成長也翻正表現；而在其它材料部分，太陽能電池網版廠倉和(6538)3月營收月成長57%，年成長27%，主要是倉和去年推出新產品CF1以及CF5，產品性價比好，主要優勢為耐刷以及細線路優化，對電池廠來說，也可節省銀漿使用量，推動自去年第四季起，電池廠就將傳統網版的訂單轉變為新規格的產品，推動營收走升。 
而在太陽能矽晶圓廠，綠能(3519)3月營收月成長33%，綠能表示，公司計畫持續開源節流，規劃營運朝高階晶塊、輕量化模組與系統應用、儲能電池晶片研發等方向發展；達能(3686)3月營收月衰退49%，達能表示，3月份整體太陽能需求短期轉弱，由於市場需求迅速轉變，供應鏈應變不及，造成庫存突然上升；加上季末搶單效應，出現部分不理性拋貨現象，致使價格反轉下滑，為減少虧損，營收因此較前月減少。",2019-04-11
41,《人物》吳敏求帶領旺宏30年 角逐世界企業家獎,"MoneyDJ新聞 2019-04-03 11:54:27 記者 萬惠雯 報導
Nor flash迎過去兩年產業谷底反彈的契機，雖然自去年下半年起因中美貿易等不確定性因素，客戶調整庫存，但旺宏(2337)仍持續在研發上投入，除了將製程持續往19奈米推進外，3D Nand的投資也不停歇，而董事長吳敏求(見圖)也全球跑業務、拜訪客戶，今年也適逢旺宏成立的30週年，吳敏求帶領旺宏經歷了企業經營的高低起伏，去年吳敏求獲2018《安永企業家獎》年度大獎，今年更代表台灣，將角逐世界企業家獎項。 
旺宏成立30年 中間十年最艱苦 
旺宏是在1989年成立，今年即將邁入成立的第30週年，公司並沒有打算有公開盛大的慶祝活動，回顧這30年，吳敏求認為，他雖然在創業之初背後沒有什麼太大的資源，吳敏求帶著一批旅美的菁英返台創業，但前10年的開疆拓土的時光還算是發展順利，成長也很快速，公司成立3年即獲利，到了2000年順利達到年營收10億美元的規模，也讓吳敏求登上富比士(Forbes)雜誌的封面故事人物。 
吳敏求自認，在經營旺宏的中間十年是最辛苦，也是壓力最大的一段時間，主要是在2002-2006年，在網路泡沫化後，旺宏在2001年時陷入虧損、2002年時調降財測，旺宏卻在此時執行5年內2座12吋廠的建廠計劃，惟面臨半導體市場不景氣，最後只好將其中一座12吋廠賣給力晶，以及90奈米的製程合作，但卻又引來力晶對旺宏的經營權爭奪戰，這一連串無論在企業經營以及股權爭奪的拉鋸，則是吳敏求所稱最辛苦的十年。 
而旺宏第三個10年之間，旺宏則在2012-2016年蒙受虧損，但這對吳敏求來說，則是已預先知道的建置12吋廠的陣痛，旺宏是在2010年時取得茂德的12吋廠，而也不能先在原先的8吋廠來開發12吋的產品，所以等於要把整個12吋廠建置完成、才能開始開發產品、再給客戶驗證，惟這一切都完成後則遇到終端市場消費景氣不佳的窘境，吳敏求則認為有時景氣變化人算不如天算，但大環境非操之在我，他也坦然看待，所幸在產業秩序重建後，旺宏無論在ROM以及Nor flash都已拿下世界第一的地位，也在景氣回升後，重新邁向獲利的表現。 
智慧製造自己研發 創造高品質產品 
吳敏求認為，現在業界在說的AI或智慧製造4.0，其實旺宏早在數十年前就已開始，旺宏自行研發生產控制系統「Super Nova」，基本上就是人工智慧的概念，有許多的製程開發或生產流程以及品管等都透過系統追蹤，這也是為什麼旺宏的產品品質大幅優於競爭同業的原因，即便當產業處於買方市場時，若在相同的價格下，客戶一定是優先採用旺宏的記憶體產品。 
旺宏的「Super Nova」是自家打造的作業平台，也隨著製程的推進而不斷精進，可以嚴格把關生產過程中的每道程序，這也是為什麼旺宏可以用最嚴格的退貨指標來給客戶承諾。 
代表台灣 將角逐世界企業家大獎 
吳敏求也將代表台灣前往摩納哥，角逐安永世界企業家大獎，且面對來自於全球各國不同產業的企業家的競爭，此競賽將與主要評委面對面，每位企業家有分鐘的時間，其中2分鐘是由企業主自我論述，而剩下18分鐘則由主委發問，等於在短短20分鐘的面談中要與全球各國的頂尖企業家競爭，吳敏求在企業經營的這段旅程中，從沒人沒錢的創業開始，到翻轉公司，到現在將曾在低迷產業的局勢中再把公司救回來，則是特別且突出的成功案例。 
吳敏求認為，自己的創業生涯中很許多可以分享的經驗，而他也能很原汁原味的分享，主要因為創業到經營企業的過程中，他都是親力親為，而他相信旺宏也有很不錯的面向，包括旺宏所投入在創新研發的努力、CSR上的努力以及經營，自行研發的Super Nova系統以及為了投入科學教育，旺宏在大專院校以及高中職籌辦「旺宏金矽獎」以及「旺宏科學獎」，以企業力量將科普教育向下扎根，也鼓勵青年學子在各領域作科學創新競賽。",2019-04-03
42,旺宏 107年綜合損益表，每股盈餘4.94元,"旺宏(2337)  107年  綜合損益表
民國107年 
單位：新台幣仟元 
會計項目
107年
106年
本期累計
去年同期累計
 
金額
%
金額
%
金額
%
金額
%
營業收入
 
 
 
 
 
 
 
 
　營業收入合計
36,953,032
100.00
34,196,916
100.00
營業成本
 
 
 
 
 
 
 
 
　營業成本合計
23,026,713
62.31
21,562,205
63.05
營業毛利（毛損）
13,926,319
37.69
12,634,711
36.95
營業毛利（毛損）淨額
13,926,319
37.69
12,634,711
36.95
營業費用
 
 
 
 
 
 
 
 
　推銷費用
1,400,549
3.79
1,272,309
3.72
　管理費用
1,756,892
4.75
1,574,883
4.61
　研究發展費用
4,259,540
11.53
4,034,313
11.80
　營業費用合計
7,416,981
20.07
6,881,505
20.12
營業利益（損失）
6,509,338
17.62
5,753,206
16.82
營業外收入及支出
 
 
 
 
 
 
 
 
　其他收入
 
 
 
 
 
 
 
 
　　其他收入合計
2,661,551
7.20
143,515
0.42
　其他利益及損失
 
 
 
 
 
 
 
 
　　其他利益及損失淨額
236,851
0.64
-144,642
-0.42
　財務成本
 
 
 
 
 
 
 
 
　　財務成本淨額
143,353
0.39
215,602
0.63
　營業外收入及支出合計
2,755,049
7.46
-216,729
-0.63
繼續營業單位稅前淨利（淨損）
9,264,387
25.07
5,536,477
16.19
所得稅費用（利益）
 
 
 
 
 
 
 
 
　所得稅費用（利益）合計
271,538
0.73
19,168
0.06
繼續營業單位本期淨利（淨損）
8,992,849
24.34
5,517,309
16.13
本期淨利（淨損）
8,992,849
24.34
5,517,309
16.13
其他綜合損益(淨額)
 
 
 
 
 
 
 
 
　不重分類至損益之項目
 
 
 
 
 
 
 
 
　　確定福利計畫之再衡量數
-79,122
-0.21
-91,188
-0.27
　　透過其他綜合損益按公允價值衡量之權益工具投資未實現評價損益
-958,735
-2.59
0
0.00
　　不重分類至損益之項目總額
-1,037,857
-2.81
-91,188
-0.27
　後續可能重分類至損益之項目
 
 
 
 
 
 
 
 
　　國外營運機構財務報表換算之兌換差額
94,809
0.26
-76,624
-0.22
　　備供出售金融資產未實現評價損益
0
0.00
774,460
2.26
　　後續可能重分類至損益之項目總額
94,809
0.26
697,836
2.04
　其他綜合損益（淨額）
-943,048
-2.55
606,648
1.77
本期綜合損益總額
8,049,801
21.78
6,123,957
17.91
淨利（損）歸屬於：
 
 
 
 
 
 
 
 
　母公司業主（淨利／損）
8,993,006
24.34
5,517,847
16.14
　非控制權益（淨利／損）
-157
0.00
-538
0.00
綜合損益總額歸屬於：
 
 
 
 
 
 
 
 
　母公司業主（綜合損益）
8,049,958
21.78
6,124,501
17.91
　非控制權益（綜合損益）
-157
0.00
-544
0.00
基本每股盈餘
 
 
 
 
 
 
 
 
　繼續營業單位淨利（淨損）
4.94
 
3.06
 
　基本每股盈餘合計
4.94
 
3.06
 
稀釋每股盈餘
 
 
 
 
 
 
 
 
　繼續營業單位淨利（淨損）
4.65
 
2.97
 
　稀釋每股盈餘合計
4.65
 
2.97
 
資料來源:交易所公開資訊觀測站
    .FundView .opsTip div.opsTipLine
    {
        border-left: solid 2px #FFBB00;
    }",2019-03-29
43,記憶體跌價加 OLED 面板銷售不佳，三星發布 2...,"隨著記憶體價格的不斷下跌，南韓記憶體大廠三星 26 日也發出 2019 第 1 季的財報警訊。根據《路透社》的報導，三星指出，因為記憶體價格走跌與 OLED 面板業務的不景氣，將使得 2019 年第 1 季的獲利不如預期。
三星過去藉由記憶體業務貢獻了最大的獲利來源，其比率高達 80%。其中，DRAM 記憶體靠說是厥功至偉。這使得三星這個全球第一大 DRAM 供應商，市場占有率一度拉高到 45% 以上。而且，就在 DRAM 市場開始跌價前，三星的 DRAM 記憶體毛利一度達到了 70% 以上。
不過，從 2019 年第 4 季開始，記憶體價格就開始走跌，使得三星的獲利情況就每下愈況。記憶體在 2018 年第 4 季的跌幅大約為 10%，這樣已經嚴重影響了三星獲利。根據 2019 年 1 月份三星也針對 2018 年第 4 季所發布的財報顯示，當季的總營收為 59.27 兆韓圜，相較 2018 年第 3 季的 65.46 兆韓圜，下跌 10.1%。而相較 2017 年第 4 季的 65.98 兆韓圜，也下滑了 9.5%。淨利 8.46 兆韓圜，則是較 2018 年第 3 季下滑 31%，較 2017 年第 4 季，更是一舉下跌 36%。歸咎其中的因素，就是來自半導體部門的營業利益季減 28.8%，年減了 43% 所導致。
《路透社》的報導表示，在三星 26 日所發布的財報警示指出，當前記憶體的進一步跌價，已經影響了三星的營運表現。此外，三星的 OLED 面板業務表現不如預期，也衝擊著三星的營運狀況。事實上，除了記憶體市場之外，三星在中小尺寸 OLED 面板上也呈現壟斷情況，市占率高達 95%，就連蘋果 iPhone 都要依賴三星的 OLED 面板供應。但是三星這次表示，OLED 面板業務不如預期，主要是來自於中國廠商的 OELD 面板產能擴產所造成。
報導進一步指出，三星目前雖還沒有公布具體的數據，但是全球智慧型手機市場需求不振也是影響 OLED 面板銷售的重要因素。還有，蘋果在 2018 年新推出的 iPhone XS / XS Max 銷量不佳，也導致蘋果對 OLED 面板的需求下滑。
雖然三星這次的財報警示沒有提到智慧型手機業務下滑所帶來的衝擊，不過，因為在 2019 年首季，旗艦款 Galaxy S10 系列手機才剛剛發表，對營收尚未有實質影響，因此不列入相關的計算之外，外界評估，新上市的 Galaxy S10 手機很有可能是三星 2019 年營收的一大亮點。
之前，中資天風證券分析師郭明錤就上調了三星 Galaxy S10 系列手機在 2019 年銷量預期，從原先預估的 3,000 萬到 3,500 萬支，成長到 4,000 萬到 4,500 萬支之間，提升了 30% 之多。而且，郭明錤還預期，高階的 Galaxy S10 及 S10+ 智慧型手機能有 85% 以上的銷售比率。因此，三星 2019 年半導體業務失去的銷售缺口，是否有機會從 Galaxy S10 系列手機中賺回，有待進一步的觀察。
而三星發布 2019 年第 1 季的獲利警訊，也衝擊了國內記憶體廠商在 26 日於台股的股價走勢。包括南亞科、旺宏、華邦電等記憶體個股，盤中均呈現開高走低的態勢。南亞科及華邦電盤中還一度翻黑，讓記憶體個股受到利空消息的衝擊。（本文由科技新報授權轉載）",2019-03-26
44,統一證券：台股量價背離格局持續，易有拉回風險,"【昨日盤勢】：
雖然美股道瓊指數下挫，但因聯準會釋出鴿派政策，激勵昨日台股以上漲12點至10563點開出後，受惠半導體業投資氣氛持續強勁，指數仍於盤中緩步走揚，尾盤並攻克10600點關卡；權值類股以台積電、台達電、日月光投控、台泥、南亞科等穩健推升盤勢，終場指數便以當日最高點的紅K棒作收。觀察盤面變化，電子、傳產分別上漲0.98%、0.12%、0.39%，金融下跌0.05%。在次族群部份，以水泥、半導體、電子零組件類股走勢最強，分別上漲2.51%、1.35%及1.29%。終場指數上漲57點，收在10609點，成交量能為1111億元。
 
【資金動向】：
三大法人合計買超99.07億元。其中外資買超99.04億元，投信賣超3.81億元，自營商買超3.79億元。外資買超前五大為南亞科、聯電、永豐金、台積電、奇鋐；賣超前五大為新光金、友達、旺宏、燿華、宏達電。投信買超前五大為燿華、南茂、高技、頎邦、上詮、；賣超前五大為台泥、光磊、欣興、世紀鋼上海商銀。資券變化方面，融資增3.94億元，融資餘額為1280.07億元，融券增0.36萬張，融券餘額為63.71萬張。外資台指期部位，多單加碼5799口，淨多單部位63502口。借券賣出金額為19.88億元。類股成交比重：電子73.8%、傳產20.96%、金融5.24%。
 
【今日盤勢分析】：
受到聯準會利率決議強烈偏向鴿派，帶動亞幣走強，資金行情使台股短線再度衝高突破10600點關卡；但考量指數短線漲多，上檔累積獲利了結賣壓大，加上第一季財報恐將不預期，拉回風險續增，且美中貿易協商恐再度形成持久戰，近期應逢高站於賣方，確保戰果。對台股後市行情，分析如下：第一、國際股市部分。繼美國交通部長要求重新審核波音737 MAX適航證的批文後，FBI也宣布對於波音737 MAX機型之認證缺失展開刑事調查，並使波音於盤後股價再度下挫；737 MAX機型當前的待交機金額約2400億美元，為2018年波音營收的4.4倍，若機瘟事態擴大導致交機中止，恐使身為道瓊指數第一大權值股(權重約9.9%)的波音拖累美股後市。第二、中國國家廣電總局於昨日舉行全國有線電視網路融和發展戰略合作會議，中國廣電並與阿里巴巴及中信集團簽署戰略合作協議，將啟動全中國的電視網路整合發展計畫，也使昨日陸股傳媒類股幾乎全數漲停作收；近期陸股仍處於慢牛格局，在外資投資法令放寬使市場熱度延續下，可望使指數緩步震盪墊高。第三、技術面觀察。台股指數於昨日突破10600點關卡，雖持續站在各期均線之上，但考量指數短線上漲千點，上檔累積獲利了結賣壓大；且量能卻未能跟上，量價背離格局持續，易有拉回風險，應逢高調節操作。第四、盤面焦點觀察。外資點名亞光將受惠華為P30系列新機行情，使股價漲停作收，再創去年8月以來新高，其餘光學元件股包括佳凌、熒茂、聯一光、先進光也表現強勢；展旺公告厄他培南針劑取得FDA銷售許可，帶動股價跳空漲停鎖死；散熱元件族群受安卓陣營新機題材帶動，奇鋐、泰碩、協禧等股價均有上攻。
 
【投資策略】：
美國聯準會強烈偏向鴿派的貨幣政策態度，導致美元指數下挫，帶動亞幣短線走揚，也使台股再度衝高突破10600點關卡。但考量美中貿易戰協商進入深水區，市場不確定性提升；且本波指數已經上漲1200點，已達我們的預測滿足點，上檔累積獲利了結賣壓大，易有拉回風險，應持盈保泰，先行逢高調節，確保戰果。操作上拉回布局，不追高，聚焦汽車零組件、紡織、5G題材股，以及高殖利率概念股等為投資首選。",2019-03-22
45,證交所3月15日公告8種注意股股票,"臺灣證券交易所有價證券注意交易資訊公告中華民國108年3月15日
一、華夏(1305)股票03月14日之最近六個營業日之借券賣出成交量占最近六個營業日總成交量比率13.67%，且03月14日借券賣出成交量較最近六十個營業日之日平均借券賣出成交量放大為7.61倍本日收盤價22.50元，本益比為7.45。
二、旺宏(2337)股票03月14日之最近六個營業日之借券賣出成交量占最近六個營業日總成交量比率12.79%，且03月14日借券賣出成交量較最近六十個營業日之日平均借券賣出成交量放大為7.27倍本日收盤價20.95元，本益比為4.43。
三、資通(2471)股票最近六個營業日平均成交量較最近六十個營業日之日平均成交量放大為6.32倍。當日之成交量較最近六十個營業日之平均成交量放大為8.63倍。本日收盤價16.05元，本益比為10.42。
四、玉晶光(3406)股票最近六個營業日之累積週轉率為68.64%。且03月15日之週轉率為10.24%。本日收盤價353.00元，本益比為28.75。
五、揚明光(3504)股票最近六個營業日累積收盤價漲幅達34.19%。且03月15日之成交量為最近六十個營業日日平均成交量之7.06倍。且03月15日之週轉率為30.76%。本日收盤價112.00元，本益比為71.34。
六、谷崧(3607)股票最近六個營業日平均成交量較最近六十個營業日之日平均成交量放大為7.59倍。當日之成交量較最近六十個營業日之平均成交量放大為15.85倍。本日收盤價19.90元，本益比為NA。
七、泰金寶-DR(9105)存託憑證公開資訊觀測站公告當日之前一個營業日臺灣存託憑證兩地收盤價溢價39.56%且當日收盤價為最近六個營業日收盤價最高者。本日收盤價2.55元，本益比為NA。
八、杜康-DR(911616)存託憑證公開資訊觀測站公告當日之前一個營業日臺灣存託憑證兩地收盤價溢價144.74%。本日收盤價0.94元，本益比為NA。",2019-03-18
46,旺宏3/20~22參加Bank of America Merri...,公開資訊觀測站重大訊息公告(2337)旺宏-本公司受邀參加Bank of America Merrill Lynch舉辦之法人說明會符合條款第四條第XX款：12事實發生日：108/03/201.召開法人說明會之日期：108/03/20 ~ 108/03/222.召開法人說明會之時間：09 時 00 分 3.召開法人說明會之地點：台北4.法人說明會擇要訊息：本公司受邀參加Bank of America Merrill Lynch 舉辦之2019 Asia Pacific Telecom Media & technology conference5.其他應敘明事項：無完整財務業務資訊請至公開資訊觀測站之法人說明會一覽表或法說會項目下查閱。,2019-03-15
47,統一證券：台股料持續震盪格局,"【昨日盤勢】：
受到美股四大指數走揚激勵，昨日台股以上漲18點至10391點開出後，受到亞洲股市震盪加劇拖累，權值類股如台積電、台塑四寶、聯發科、中鋼等賣壓沉重，使指數迅速翻黑後進入狹幅震盪，上檔年線壓力沉重，台股指數終場並以黑K作收。觀察盤面變化，三大類股全數下跌，其中電子、金融、傳產分別下跌0.32%、0.11%及0.16%；在次族群部份，以玻璃陶瓷、汽車及紡織類走勢最強，分別上漲2.07%、1.45%及0.97%。終場指數下跌24點，收在10348點，成交量能為1138億元。
 
【資金動向】：
三大法人合計賣超10.01億元。其中外資賣超22.27億元，投信買超2.54億元，自營商買超9.69億元。外資買超前五大為上海商銀、聯合再生、中環、聯茂、力山；賣超前五大為旺宏、群創、新光金、台新金、華航。投信買超前五大為欣興、聯茂、元翎、燿華、百和；賣超前五大為長榮航、中鋼、遠東新、世紀鋼微星。資券變化方面，融資增2.85億元，融資餘額為1258.14億元，融券增0.96萬張，融券餘額為62.54萬張。外資台指期部位，多單減碼6009口，淨多單部位51366口。借券賣出金額為34.29億元。類股成交比重：電子72.1%、傳產23.02%、金融4.88%。
 
【今日盤勢分析】：
在美中貿易協商進度停滯，使市場不確定性增溫、亞洲股市皆出現明顯震盪拉回影響下，台股指數於年線關卡前賣壓強烈，買盤力道縮手，外資轉買為賣，短期不易一鼓作氣突破年線反壓，預期指數陷入高檔震盪整理格局。對台股後市行情，分析如下：第一、國際股市部分。衣索比亞空難使多國宣告禁飛波音737 MAX機型後，並有多家大型航空公司宣布將終止與波音簽訂的737 MAX訂單，並針對損失向波音索賠；737 MAX系列貢獻波音2018年營收超過五成，波音面臨來自航空公司及受難者的高額索賠及營運動能急速滑落，使近期股價創下911事件以來的最大跌幅，身為道瓊指數重量級權值股的波音，恐將持續拖累美股的上攻力道。第二、中國公布1-2月消費品零售增速及工業增速分別為8.2%及5.3%，均不如市場預期，主因地產銷售的低迷與汽車行業持續的負成長導致；由於近期中國在經濟數據方面均繳出疲軟成績，加上貿易戰不確定性延續，使原先快牛格局的陸股進入慢牛的震盪走勢。第三、技術面觀察，台股在年線關卡壓力沉重。雖指數仍站於短中期均線之上，但年線10461點套牢賣壓不易迅速消化，且籌碼面仍待整理，外資期現貨多空立場搖擺不定，指數料將於月線附近延續震盪。第四、盤面焦點觀察。市場傳言揚明光有望成為蘋果MR裝置供貨商，使股價強勢漲停創下半年以來新高；光學族群也在手機題材逐步回溫下集體走強，玉晶光、新鉅科、中揚光等表現皆優於大盤。遊戲族群受惠春節期間營收暢旺帶動財報優質預期，大宇資、鈊象、網龍股價連袂走升。5G、伺服器拉貨強勁加上投信作帳題材加持，聯茂股價再創歷史新高。
 
【投資策略】：
受到大陸經濟數據不佳、亞股普遍拉回整理，昨日台股指數也以小黑作收。考量美中貿易協商進展停滯，市場不確定性仍未消除；且上檔年線反壓沉重，加上外資由買超轉為賣超，內資買盤縮手等因素影響，短期指數將持續震盪格局，預期指數將於月線附近區間整理，選股重於選市。操作上建議以汽車零組件、紡織、5G題材股，以及高殖利率概念股等為投資首選。",2019-03-15
48,統一證券：台股量能有效提升後，仍可望向上攻堅年線,"【昨日盤勢】：
受到美國道瓊指數下跌拖累，昨日台股以下跌12點至當日最低10331點開出後，即在平盤上下震盪整理；盤中由於外資券商看好蘋果展望、調高大立光目標價至5000元以上之利多逐漸發酵，買盤陸續進場承接台積電、聯發科、可成、華新科等大型權值股，尤其尾盤資金湧入大立光，帶動指數以最高點作收、留紅K棒。觀察盤面變化，三大類股中，電子與金融分別上漲0.61%與0.2%，傳產則下跌0.17%；在次族群部份，以光電、電子零組件、其他走勢最強，分別上漲1.6%、1.34%、0.97%。終場指數上漲29點，收在10373點，成交量能為946億元。
 
【資金動向】：
三大法人合計買超28.03億元。其中外資買超23.26億元，投信買超2.39億元，自營商買超2.46億元。外資買超前五大為元大金、台積電、上海商銀、明基材、百和；賣超前五大為中信金、旺宏、台新金、鴻海、南亞科。投信買超前五大為燿華、明基材、敦陽科、元太、日月光；賣超前五大為中鋼、長榮航、漢翔、中信金、國喬。資券變化方面，融資增5.59億元，融資餘額為1255.29億元，融券增2.58萬張，融券餘額為61.58萬張。外資台指期部位，多單加碼805口，淨多單部位56376口。借券賣出金額為26.87億元。類股成交比重：電子73.28%、傳產21.3%、金融5.42%。
 
【今日盤勢分析】：
美股受到波音737事件拖累，近期走勢疲弱；不過美中貿易戰正向方展，美國聯準會持續寬鬆政策，有利資金行情，加上蘋果即將舉辦春季發表會、法人圈看好蘋果未來營運，有利國內蘋概股股價表現，不過，台股受制於上檔年線反壓，預期台股近期將呈現高檔盤堅震盪走勢，選股優於選市。對台股後市行情，分析如下：第一、國際股市部分。雖然美國波音737 MAX墜機事故，導致波音股價連續下挫，拖累近期美股表現。不過，美中貿易戰持續緩解，雙方高層熱線，磋商議題已提升至關鍵問題，並確認下一步工作安排，顯示美中貿易戰已近尾聲。此外，美國聯準會暫停升息期間可望延長，由於美國2月CPI的MOM及YOY分別僅上升0.1%與2.1%，小於市場預期的0.2%與2.2%，加上近期美國經濟成長趨緩，FED貨幣政策可望持續偏鴿，有利國際資金行情表現。第二、蘋果將於3/25舉辦春季發表會，預估本次焦點係結合強化健康管理及無線充電等運用的Apple Watch、AirPods2，與影音串流與訂閱等軟性服務，加上券商調升蘋果評等與目標價，激勵蘋果股價3/12上漲1.12%，將有利台股蘋果供應鏈營如台積電、和碩、可成等收獲利及股價表現。第三、技術面觀察。台股指數自今年1/4最低點9319點迄2/26本波高點10416點，短線大漲11.77%，近期獲利了結賣壓陸續出籠，加上年線10456點反壓沉重，導致台股近期呈現高檔盤堅震盪走勢；不過，由於外資期現貨轉為偏多操作、KD指標即將黃金交叉，待量能有效提升後，指數仍可望向上攻堅年線。第四、昨日盤面觀察。受到外資券商調高目標價至5000元以上的激勵，大立光大漲近3%、創近半年來新高，離5000元關卡只剩一步之遙，進而帶動二線光學股揚明光亮燈漲停、亞光與新鉅科皆漲逾4%；自行車雙雄巨大與美利達受惠於電動自行車在歐洲熱賣，股價紛紛漲逾3%。
 
【投資策略】：
美中貿易協議持續正向發展，以及蘋果及大立光受外資提高評等，讓市昨日台股收紅。但考量上檔年線壓力仍大，加上華為提告美國政府。雙方關係時好時壞，市場不確定性未除。此外，近期台股上漲，外資買超金額並未擴大，昨日僅買超23億元，買盤力度縮手，後續值得留意。預期指數將高檔盤堅震盪，區間整理，選股重於選市。操作上建議以汽車零組件、紡織、5G題材股，以及高殖利率概念股等為投資首選。",2019-03-14
49,旺宏擬每股配息1.2元，現金殖利率約5.7%,MoneyDJ新聞 2019-03-13 16:17:44 記者 新聞中心 報導記憶體製造廠旺宏(2337)去(2018)年稅後淨利89.93億元，創下歷史次高，每股盈餘4.94元，董事會昨日通過每股將配發1.2元現金股息，配發率約24.29%，以今(13)日收盤價21.05元計算，現金殖利率約5.7%；旺宏並宣布將於6月18日召開股東常會。旺宏董事會並決議，為因應營運發展需要，擬辦理現金增資、現增發行新股參與發行海外存託憑證、不超過3.6億股，以及1.8億股額度內私募普通股或私募國內/海外轉換公司債。受惠唯讀記憶體(ROM)出貨暢旺，旺宏去年營收369.53億元，創下歷史新高，稅後淨利89.93億元，創下歷史次高，年增63%，每股稅後盈餘達4.94元。,2019-03-13
50,統一證券：台股屬區間整理格局,"【昨日盤勢】：
受惠美股四大指數大漲激勵，昨日台股以上漲44點至10294點開出後，大型股買盤強勁，三大電子權值股台積電、大立光、鴻海皆有拉抬，其他大型股如華碩、宏碁、台塑、台泥、及國泰金、富邦金走強下，指數一度拉抬大漲132點。且成交量能並未明顯放大，獲利了結賣壓較輕，台股指數終場以中長紅作收。觀察盤面變化，三大類股全數上漲，其中電子、金融、傳產分別上漲1.08%、0.82%及0.67%；在次族群部份，以紡織、光電及造紙走勢最強，分別上漲2.28%、1.88%及1.88%。終場指數上漲93點，收在10343點，成交量能為1098億元。
 
【資金動向】：
三大法人合計買超46.82億元。其中外資買超30.72億元，投信買超7.79億元，自營商買超8.25億元。外資買超前五大為元大金、友達、中石化、開發金、百和；賣超前五大為台新金、華新、南茂、旺宏、國喬。投信買超前五大為致伸、良維、榮剛、聯詠、元太；賣超前五大為台達電、國喬、中信金、同欣電、大成鋼。資券變化方面，融資增3.27億元，融資餘額為1249.7億元，融券增2.65萬張，融券餘額為58.99萬張。外資台指期部位，多單加碼1463口，淨多單部位56571口。借券賣出金額為23.81億元。類股成交比重：電子72.3%、傳產21.83%、金融5.86%。
 
【今日盤勢分析】：
在外資調升美股APPLE公司目標假及美中貿易戰雙方釋出善意，川習會仍然會舉行等利多訊息下，美股、陸股皆出現明顯漲勢，帶領台股指數填補先前跳空缺口，但考量上檔年線反壓，及指數短期漲幅頗大，預期指數持續高檔震盪整理格局。對台股後市行情，分析如下：第一、美中貿易戰最後一哩路拉鋸，市場擔憂川習會難產，但昨日中國國務院總理劉鶴應約與美國貿易代表萊特希澤和財政部長姆努欽通話，雙方就關鍵問題進行具體磋商，並確定下一步工作安排，讓市場再度期待川習會面有望，但時間可能會延後；加上近期華為就美國禁用華為5G設備提告的情況下，後續發展將牽動股市。第二、美國APPLE股價回神，前一日美系外資率先調升APPLE目標價及買進評等，以10大理由喊進蘋果，包括供應鏈訂單庫存穩定，.毛利率今年下半年將轉趨正成長，服務營收加速，明後年獲利調整並不像預期悲觀，醫療保健/穿戴產品布局滲透率提升及用戶週期性更新，帶動APPLE股價突破近期盤整區間，也拉升APPLE供應鏈後續展望。第三、技術面觀察，台股近期漲多後，進入高檔整理週期。雖然昨日受惠國際股大漲，收復所有短期均線，但年線10461點仍為短期上檔壓力，中小型股也未跟上漲幅，加上短期均線5日及10日均線下彎，籌碼仍需橫盤整理，減緩年線壓力，近期指數將在月線附近整理之機率最高。第四、盤面觀察，美股走勢牽動台股相關供應鏈，美股NIKE將於3月下旬公布財報，市場預期樂觀，並將釋出優異展望，激勵台股儒鴻、豐泰表現強勁。而APPLE除被外資調升評等外，12日凌晨也發出春季發表會邀請函，市場預期硬體將發布新款AirPods，相關供應鏈持續受惠。
 
【投資策略】：
美中貿易協議又露出樂觀訊息，讓市場再度期待川習會可望舉行；加上美股APPLE受外資提高評等，昨日台股指數受此激勵，再度收復短期均線。但考量上檔年線壓力仍大，加上華為提告美國政府。雙方關係時好時壞，市場不確定性未除。此外，昨日台股大漲，外資僅買超30億元，買盤力度縮手，後續值得留意。預期指數將於月線附近來回震盪，區間整理，選股重於選市。操作上建議以汽車零組件、紡織、5G題材股，以及高殖利率概念股等為投資首選。",2019-03-13
51,旺宏股利：現金1.2元,"公開資訊觀測站重大訊息公告
(2337)旺宏董事會通過2019年股利分派案並提請本公司股東會決議
1. 董事會決議日期：108/03/122. 股東配發內容：　(1)盈餘分配之現金股利(元/股)：1.20000000　(2)法定盈餘公積、資本公積發放之現金(元/股)：0　(3)股東配發之現金(股利)總金額(元)：2,208,200,392　(4)盈餘轉增資配股(元/股)：0　(5)法定盈餘公積、資本公積轉增資配股(元/股)：0　(6)股東配股總股數(股)：03. 其他應敘明事項：無4. 普通股每股面額欄位：新台幣 10.0000元",2019-03-13
52,《2月營收》太陽能訂單回神；商丞因DRAM買賣大...,"MoneyDJ新聞 2019-03-12 10:09:47 記者 萬惠雯 報導
半導體矽晶圓族群2月份在工作天數減少，現貨價下修下，營收持續降溫，市場持續保守，其中以台勝科(3532)修正幅度最大，月衰退達26%的水準；但另一方面，太陽能市場則在躉購費率正式敲定下市場信心回籠，整體市況回暖，國內太陽能龍頭廠商聯合再生(3576)2月營收大增逾4成，太陽能模組業者也迎來開春以來一波難得一見的熱絡。 
在太陽能產業，2月份在經濟部能源局於農曆年前公佈修正後的太陽能發電躉購費率，且補貼下修幅度大幅優於預期，推動國內太陽能模組業者2月起營收迎向暖風，即便2月工作天數大減，聯合再生2月營收月增逾4成的水準，太極(4934)2月營收也有逾17%的月成長，元晶(6443)2月營收月成長幅度也有8.95%的水準。 
而在太陽能矽晶圓廠，受制於價格仍低，2月營收仍是疲弱，綠能(3519)2月營收月衰退7.6%，綠能表示，2月高階多晶片價格穩定，綠能科技持續債權債務協商，以保留現金優先；達能(3686)2月營收月衰退3.33%，雖然農曆年後的整體市場需求與價格維持穩定，但2月營運上仍受到農曆年假期導致工作天數短少，以及傳統淡季效應之雙重影響，目前海外多晶市場雖有來自印度與日本的需求支撐，使需求與價格呈現持穩微漲的局面。 
以半導體上游的矽晶圓族群來看，受制在工作天數減少，半導體矽晶圓2月營收普遍較1月滑落，再加上市場回到較保守的氣氛，以現貨市場的矽晶圓廠商受影響最為直接，台勝科2月營收月衰退達26%，較去年同期也出現2月多以來首度負成長的窘境，環球晶(6488)2月營收月衰退也有逾9%的水準。 
而在矽晶圓的下游應用市場之一的記憶體製造商南亞科(2408)，2月份營收為33.95億元，月衰退20.28%，年衰退42.72%，主要為農曆年假期工作天數減少，及持續受到中美貿易紛爭造成市場需求下滑、也因關稅提高可能造成供應鏈調整，加上Intel CPU缺貨的影響，2月單月銷貨量減少約中十位數字百分比，平均銷售單價也較上月下滑中個位數字百分比；華邦電(2344)2月營收也有15.5%的月衰退，旺宏(2337)則有逾2成的月衰退水準。 
而在記憶體模組市場，2月份以白牌DRAM模組廠商商丞(8277)表現最為亮眼，商丞2月營收8800萬元，月成長達149%，年成長也有115%，主要是因為客戶臨時拉貨一筆IC，此為2月份的一次性收入，比較偏向trading的性質，3月營收即會回到正常水準；威剛(3260)2月營收達20.45億元，月衰退2.35%，其中固態硬碟(SSD)出貨持續升溫，單月產品營收較去年同期大增42.98%，威剛表示，隨著上游原廠3D NAND Flash晶片產出增加及單位成本下降，今年NB搭載SSD容量及市場滲透率將大幅提升，市場需求持續看俏；十銓(4967)2月營收4.84億元，年成長9.21%，主要受惠包括電競記憶體、SSD及工控產品的銷售數量持續攀升。",2019-03-12
53,統一證券：台股將於月線附近來回震盪,"【昨日盤勢】：
受到美股連續下跌影響，上周五台股早盤以跳空下跌37點的10274點開出後，因為受到陸股持續回跌的拖累，指數一度下挫至月線附近的10204點；但月線支撐強勁，低接買盤進場，盤中跌幅緩步縮小，權值類股如台化、大立光、日月光投控等有買盤進駐，使指數走勢趨穩，終場跌幅收斂，但仍以黑K棒作收。觀察盤面變化，三大類股均呈下跌，電子、金融及傳產分別下跌0.86%、0.53%及0.45%。在次族群部份，以玻璃陶瓷、汽車、營建類走勢較強，分別上漲1.2%、0.81%及0.43%。終場指數下跌69點，收在10241點，周線以黑K作收；成交量能為1046億元。
 
【資金動向】：
三大法人合計賣超118.57億元。其中外資賣超110.39億元，投信賣超4.23億元，自營商賣超3.99億元。外資買超前五大為GIS-KY、台灣高鐵、益航、嘉聯益、聯合再生；賣超前五大為中信金、新光金、旺宏、南茂、鴻海。投信買超前五大為南茂、廣明、旭富、華新、達興材料；賣超前五大為台灣高鐵、聯茂、力山、世紀鋼台積電。資券變化方面，融資增2.46億元，融資餘額為1236.02億元，融券減2.08萬張，融券餘額為56.44萬張。外資台指期部位，多單減少2593口，淨多單部位56200口。借券賣出金額為35.15億元。類股成交比重：電子72.48%、傳產21.96%、金融5.56%。
 
【今日盤勢分析】：
歐央行下調成長預期，且中國進出口數據不佳，使市場擔憂全球經濟展望不佳；連帶外資轉買為賣，拖累台股指數拉回，並於年線關卡前再度陷入震盪，呈現盤整格局。對台股後市行情，分析如下：第一、國際股市部分。歐洲央行ECB將2019年的經濟成長預期下調至1.1%，遠低於去年12月預估的1.7%，且對於短期經濟成長看法偏向下行，並以TLTRO等措施擴大貨幣寬鬆；此消息除使歐元及歐債收益率連袂重挫外，也引發投資者對全球經濟前景的擔憂情緒，加大近期國際股市的震盪幅度。第二、中國官方公布2月進出口數據，進口較去年同期下滑5.2%，出口較去年同期下滑20.7%，均大幅不如預期，主要是受到春節前廠商考慮3月美中貿易不確定性導致的搶先出口，以及2月春節因素生產時間較短影響；陸股也因此數據引發短線恐慌賣壓，使上證指數跌破3000點關卡。但考量目前企業估值普遍偏低，以及美中貿易戰可望宣告緩和下，短線調整仍無礙陸股多方趨勢。第三、技術面觀察。近日指數受到年線反壓及新興市場指數拉回拖累，整周呈現震盪整理走勢，但上周五仍觸及月線關卡後仍有顯著支撐，且籌碼面及量能均未有失控狀況，雖年線關卡不易一蹴可及，緩步消化賣壓後仍可望蓄積上攻動能。第四、盤面焦點觀察。三星新機S10全球預購需求跳增使市場上調出貨預估，螢幕指紋辨識的重要供應商GIS-KY受惠題材，股價逆勢大漲8.5%；四大行庫董座於備詢時指出已有離岸風電廠商爭取融資，增添產業題材想像空間，帶動上緯投控、世紀鋼、新光鋼、永冠-KY股價連袂走強。
 
【投資策略】：
上周五台股再度走弱，但仍守穩月線關卡，月線支撐仍強。不過，台股上檔面臨年線壓力，加上台股今年以來上揚千點，累積獲利了結賣壓頗大，且美、歐及中國近期公布的經濟數據，皆大幅不如市場預期，全球經濟疑慮再起，增添市場雜音與波動，預期指數將於月線附近來回震盪，區間整理，選股重於選市，擇優逢低佈局。操作上建議以汽車零組件、紡織、5G題材股，以及高殖利率概念股等為投資首選。",2019-03-11
54,統一證券：台股整理後仍具向上挑戰年線實力,"【昨日盤勢】：
昨日台股早盤以上漲23點至10328點開出後，由於華為孟晚舟案進入聽證程序，加上重量級公司2月營收陸續公布，市場情緒轉為觀望，台股量能再度縮減；不過，權值類股，如大立光、聯發科、和泰車等個股走勢穩健，金融、塑化買盤也小幅回溫，帶領指數持續上攻，隨後進入狹幅震盪，終場並以中紅K作收。觀察盤面變化，三大類股均呈上漲，其中電子、金融及傳產，分別上漲0.56%、0.43%及0.45%。在次族群部份，以光電、汽車、資訊服務類走勢最強，分別上漲1.83%、1.41%及1.03%。終場指數上漲51.89點，收在10357點，成交量能再度降至996.91億元。
 
【資金動向】：
三大法人合計買超13.56億元。其中外資買超25.14億元，投信賣超4.74億元，自營商賣超6.84億元。外資買超前五大為友達、群創、元大金、燿華、台灣高鐵；賣超前五大為華新、中信金、嘉聯益、南亞科、旺宏。投信買超前五大為榮剛、光磊、欣興、燿華、寶成；賣超前五大為泰碩、台泥、台光電、世紀鋼上海商銀。資券變化方面，融資增1.69億元，融資餘額為1240.84億元，融?增0.24萬張，融券餘額為58.79萬張。外資台指期部位，多單增加5005口，淨多單部位58217口。借券賣出金額為36.13億元。類股成交比重：電子74.03%、傳產20.23%、金融5.74%。
 
【今日盤勢分析】：
台股指數短線反彈千點，面臨年線反壓，為化解獲利了結賣壓，盤勢呈現區間震盪，但修正過程顯著量縮，融資也未迅速攀升，健康整理格局助於蓄積下一波上攻動能。對台股後市行情，分析如下：第一、美中貿易談判持續正向進展，中方做出重大讓步。中國預期將取消汽車合資企業的外商持股比例限制，以及將目前15%的汽車關稅再度下調，可望促使3月27日於佛羅里達舉行的川習會簽訂重大的貿易協議以對本輪貿易戰畫下句點。第二、美國發布2月分ISM非製造業指數為59.7，遠優於市場預期的57.4，且新訂單分項指數與商業活動指數均創下13年來新高，顯示在關稅問題的不確定性緩和、美國整體商業環境的樂觀情緒提升，將助於美股延續上漲動能，再度挑戰去年10月的高點。第三、技術面觀察，台股於年線關卡10477點前持續整理格局，雖短期面臨修正壓力，但量能也縮減迅速，出現以盤代跌現象，且短、中期均線維持多頭排列，指數乖離逐步拉回後，可望一舉攻破年線壓力。第四、受惠三星智慧手機題材及顯示卡散熱模組需求，散熱元件族群昨日再度走強，雙鴻、健策、超眾等股價表現均優於大盤；基亞、高端疫苗、台寶生醫宣布簽署策略聯盟，打造以台灣為基地的亞洲細胞治療產業聯盟，激勵生醫族群買盤進駐，包括邦特、高端疫苗、智擎、美時、旭富等均拉出超過3%漲幅。自行車代工廠愛地雅舉行重訊記者會指出，美國的轉投資公司ASE申請破產重整，導致股價跌停鎖死作收。
 
【投資策略】：
台股今年以來上揚千點，累積獲利了結賣壓頗大，又面臨上檔年線壓力，且美股漲勢稍有鈍化，加上美股近期經濟數據好壞參半，增添市場雜音與波動，短線指數將在年線附近來回整理。不過，考量美中貿易談判順利進行，雙邊休兵如期延長，市場樂觀期待3/27川習會上，中美兩國領導人將作出重大宣示，結束中美貿易戰，預期指數整理後仍具向上挑戰年線實力。短操作上建議逢低佈局汽車零組件、紡織、5G題材股，以及高殖利率概念股等。",2019-03-07
55,統一證券：台股萬點關卡已為強力支撐,"【昨日盤勢】：
受到前一日美股下跌拖累，2/27台股以下跌6點至10385點開出後，買盤進場承接，推升指數由黑翻紅至最高10403點；但是由於228長假效應，市場轉趨觀望，權值股台積電、鴻海、可成、華碩、國巨等走勢疲弱，導致指數再度翻黑至最低10343點。不過，因為MSCI調高台股權重將在盤後生效，市場於尾盤爆280億元大量並小幅拉升17點，終場以紅十字線作收。觀察盤面變化，三大類股漲跌互見，其中傳產與金融分別上漲0.03%與0.54%，電子下跌0.21%。在次族群部份，以光電、其他、汽車走勢最強，分別上漲0.8%、0.75%及0.73%。終場指數下跌2點，收在10389點，成交量能為1335億元。
 
【資金動向】：
三大法人合計買超17.82億元。其中外資買超45.35億元，投信賣超14.12億元，自營商賣超13.3億元。外資買超前五大為上海商銀、群創、元大金、新光金、百和；賣超前五大為華新、旺宏、華航、志嘉、聯電。投信買超前五大為華航、長榮航、鈊象、寶成、健鼎；賣超前五大為上海商銀、光寶科、遠東新、欣銓、瑞儀。資券變化方面，融資增1.02億元，融資餘額為1212.6億元，融券減0.23萬張，融券餘額為55.88萬張。外資台指期部位，多單減碼423口，淨多單部位59961口。借券賣出金額為29.1億元。類股成交比重：電子67.18%、傳產17.18%、金融15.65%。
 
【今日盤勢分析】：
隨著美中貿易戰火進入尾聲、美國FED態度偏鴿、國內資金動能強勁、228連假過後台股投資人可望再度歸隊，加上技術面維持多方型態，台股多頭格局持續。對台股後市行情，分析如下：第一、美中貿易戰進展正向樂觀。美國貿易代表署於3/1宣布，對於已經徵收10%關稅的2000億美元自中國進口之商品，將暫緩調高至25%，使美中貿易戰火大幅降溫；此外，美國極為重視的「外商投資法」，中國大陸全國政協會議已於3/3召開，全國人大會議亦即將舉行，該法案可望於本次兩會順利通過，有效消弭美中貿易歧見。第二、美國聯準會維持貨幣寬鬆論調。1月以來已經有數位重量級官員發表鴿派言論、提出2019年可望不再升息，並且普遍支持1H19停止縮表計畫，國際資金行情再次啟動的機率大增，有利全球股市後續表現。第三、經濟部公布2019年1月批發及零售業營業額，由於適逢農曆春節採購旺季，兩者分別為9,055億元及3,889億元，紛紛創下歷年同月新高。此外，台灣中央銀行2/26公布1月M1B與M2年增率同時揚升、分別至6.55%與3.14%，兩者不僅持續12個月呈現黃金交叉，而且差距更擴大至3.41%，創2014年2月以來最大幅度，顯示國內資金動能強勁，將有助於台股上攻。第四、從技術面觀察，台股指數短中期均線持續上揚、月線與半年線黃金交叉，周線、月線、年線皆躍居10100點之上，顯示萬點關卡已經成為強力支撐，指數在萬點之上可望成為常態；隨著成交量能逐漸增溫，指數攻上年線將指日可待。第五、盤面焦點觀察。2/27重頭戲為MSCI調整台股權重，台積電遭調降權重影響而下跌0.21%，新增成分股上海商銀尾盤爆量急拉，大漲6.68%，創歷史新高，帶動金融股中信金、兆豐金、合庫金、玉山金、華南金等股價紛紛於尾盤拉升。
 
【投資策略】：
美中貿易戰可望逐漸落幕、美國聯準會鴿派基調成形、加上外資期現貨持續偏多操作、且台股技術面維持多頭格局，預期228假期過後資金將重返台股，此外，目前時序即將進入董事會宣告股利旺季，高殖利率股將有資金進駐，而後續還有融券回補行情，建議偏多操作。可以佈局汽車零組件、MWC展手機及5G題材股，以及高殖利率概念股等。",2019-03-04
56,聖暉：客戶需求回穩，今年營收拚持穩至小增,MoneyDJ新聞 2019-02-27 17:32:42 記者 張以忠 報導聖暉(5536)今(27)日指出，2018年底受到中美貿易戰影響，致客戶資本支出計畫放緩，進而影響接單表現，不過近期隨著貿易戰釋出正向訊息，也帶動客戶投資需求稍稍回穩，聖暉目前在手訂單逾100多億元(含朋億(6613)在內)，較2018年同期持平，不過不論是聖暉或是朋億，皆認為先前客戶遞延的新擴廠計畫案，有機會在第1季末至第2季初明朗化，2019年動能仍來自半導體，包括中國三五族、封測廠皆有擴廠計畫，不過因貿易戰影響仍在，2019年全年營收估持平至小幅成長，毛利率則有相對穩定表現。聖暉為經營無塵室機電整合工程大廠，所服務的產業包含半導體、光電、生技、能源產業等，同時也切入高級住宅、觀光飯店、商辦等機電空調工程，客戶及產業分散程度很高。聖暉旗下尚有持股約62%、從事科技廠製程供應系統的朋億，以及持股約87%的蘇州聖暉。目前營收結構為台灣聖暉約3成多，蘇州聖暉逾3成，朋億約佔30~35%；各產業營收佔比方面，半導體約佔4成多，電子組裝2成多，其餘為面板、綠能、醫療等產業。聖暉表示，2018年底受到中美貿易戰影響，致客戶資本支出計畫放緩，進而影響接單表現，不過近期隨著貿易戰釋出正向訊息，也帶動客戶投資需求稍稍回穩，目前聖暉在手訂單逾100多億元(含朋億在內)，較2018年同期持平。不過不論是聖暉或是朋億，皆認為先前客戶遞延的新擴廠計畫案，有機會在第1季末至第2季初明朗化，2019年動能仍來自半導體，包括中國三五族、封測廠皆有擴廠計畫，不過貿易戰影響仍在，2019年全年營收估持平至小幅成長，毛利率則有相對穩定表現。聖暉方面，認為貿易戰所帶動的台商回流投資，已經看到相關訂單，包括台達電(2308)於南科三期案，聖暉接獲3.5億元訂單，並於桃園八德、龜山也都有台商進行相關投資。中國市場方面，預期2019年中國面板廠投資將會趨緩，半導體部分，2018年底受到貿易戰影響、客戶投資放緩，近期因中美談判釋出正向訊息，也帶動相關投資有回穩跡象。聖暉2018年11、12月因為貿易戰之故，合計約有1~2成訂單遞延，2019年遞延訂單隨客戶投資計畫逐步啟動也將陸續回籠。聖暉在中國半導體以封測相關客戶為主，市場傳出，2019年日月光(3711)旗下矽品原本在中國建廠投資計畫有所延後、也將有望重新啟動；另方面，隨中國積極推動5G產業，需要相應提升通訊基礎建設，而化合物半導體與通訊產業相關，近期包括三安光電也傳出有擴大投資計畫，預期皆為聖暉潛在訂單動能來源。朋億方面，2019年也認為動能在半導體，但在市場比重上，認為台灣比重會較2018年提升。朋億2018年中國營收佔比達7成之多，受到貿易戰影響、投資中國的客戶計畫有所遞延或受阻，目前在手訂單近40億元，較同期減少約1成，不過仍以中國訂單為主，但比重已有所下降。朋億認為，半導體客戶基於貿易戰不確定性，許多廠商有投資台灣計畫，2019年包括力晶、美光、南亞科(2408)、旺宏(2337)皆有擴產計畫，料為台灣營收比重提升的有利條件。不過中國營收比重雖然可能降低，但不代表沒有市場機會，朋億認為，2018年底明顯感受到半導體廠投資計畫放緩、進而影響公司接單表現，不過近期貿易戰談判所釋出訊息偏正向，也讓原本處於低迷的中國半導體投資氛圍出現一定程度的回穩跡象。朋億指出，目前中芯南方集成電路的廠務設備將於第1季至第2季陸續交貨，合肥長鑫第二期訂單預計至第1季結束、後續還有第三期潛在機會。另外，朋億2018年年底也接獲三安光電濕製程設備訂單，交期需時約1年，不過訂單金額不大，但中國持續投資三五族產業，朋億接獲相關廠商訂單，未來也將有機會切入其他潛在客戶。整體而言，朋億2019年基於在手訂單還未恢復正成長，全年營收暫估低於2018年，毛利率方面，預期2019年毛利率較佳的小型擴充案件比重會有所提升，毛利率有機會優於2018年，同時全年整體獲利表現有機會持穩2018年。季度而言，聖暉以合併角度視之(包含朋億)，2019年第1季因工作天數較少，單季營收約持穩2018年同期、但為2019年全年低點，第2季起以及下半年，隨著客戶投資計劃逐漸明朗，營收有機會逐季好轉、下半年營收也將優於上半年。,2019-02-27
57,統一證券：台股仍持續向上盤堅,"【昨日盤勢】：
受到前日美股開高走低仍收紅的激勵，台股昨日以上漲12點至10403點開出後，由中小型股拉動大盤，如環球晶、中美晶、國巨、華新科等盤中拉高；但在短線台股漲幅過大及228連假將至，獲利了結賣壓出籠，盤中拉高股如創意、超眾、亞德克、神盾、新日興等強勢股賣壓沉重，指數呈現開高震盪走低。收盤前僅由台積電穩住大盤，終場小紅作收。觀察盤面變化，三大類股漲跌互見，其中傳產上漲0.17%，電子及金融下跌0.07%及0.09%。在次族群部份，以電器電纜、運輸、油電燃氣類走勢最強，分別上漲2.13%、0.95%及0.81%。終場指數上漲0.6點，收在10391點，成交量能為1393億元。
 
【資金動向】：
三大法人合計買超40.45億元。其中外資買超48.21億元，投信賣超3.53億元，自營商賣超4.34億元。外資買超前五大為元大金、群創、中鋼、台灣高鐵、百和；賣超前五大為友達、台泥、旺宏、臻鼎-KY、新光金。投信買超前五大為合晶、欣興、臻鼎-KY、南電、樺漢；賣超前五大為上海商銀、元太、中鋼、群創、第一金。資券變化方面，融資減0.91億元，融資餘額為1211.58億元，融券增0.44萬張，融券餘額為56.11萬張。外資台指期部位，多單加碼996口，淨多單部位60384口。借券賣出金額為23.26億元。類股成交比重：電子74.49%、傳產19.25%、金融6.26%。
 
【今日盤勢分析】：
台股短線急漲千點，加上228連假壓力，獲利了結賣壓較重，但目前美中貿易談判順利進行，川普展延3/1號加稅時限，與台股連動較大的美、陸股皆為多頭走勢。預期台股仍持續盤堅向上，有機會挑戰去年10/11跳空缺口10466點，但獲利及解套賣壓仍需時間化解。對台股後市行情，分析如下：第一、美中貿易談判順利，美中雙方談判已有顯著進展，川普與習近平可望於三月底簽署協議。美國總統川普再度表示，美國和中國最新一輪的貿易談判收穫豐富，如果美中兩國能夠彌合現有分歧，屆時將可能很快與中國國家主席習近平簽訂協議，結束貿易戰。並指出協商人員「非常、非常接近」達成協議，美中貿易問題仍維持樂觀氛圍，對全球金融市場有正面影響。第二、資金行情再現，在美中貿易摩擦大幅降溫下，市場聚焦於聯準會公布1月會議記錄，雖然內容顯示官員對升息看法分歧，但普遍支持下半年停止縮表計畫，且2月份已有數位FED官員發表鴿派言論，甚至指出2019年可望不再升息，寬鬆貨幣政策有利全球資金行情再度啟動。外資過去一周買超新興亞股超過20億美元，其中買超台股8.4億美元，連續第六周淨流入，今年以來匯入台灣36.3億美元，僅次韓國股市，由外資期貨未平倉口數6萬口以上來看，整體台股仍呈多頭格局。第三、從技術面觀察，台股指數仍持續向上盤堅，權值股輪流穩住大盤指數，帶領指數沿五日均線上揚。目前台股的短中期均線如五日、十日、月線及季線均呈多頭排列，向上挑戰年線可期。第四、類股輪動快速，股價低位階個股輪番出頭，尤其以殖利率及高權值為主，因時序將進入董事會宣告股利旺季，殖利率個股將持續有資金進駐，昨日位階低個股為日月光、仁寶、台灣高鐵、亞泥、群創等。
 
【投資策略】：
美中貿易談判順利，加上美國FED寬鬆，資金行情仍主導大盤走勢，雖然228連假將至，短期資金出現獲利了結賣壓，但仍無損此波台股反彈氣勢，目前時序即將進入董事會宣告股利旺季，高殖利率股將有資金進駐，而後續還有融券回補行情。此外，外資持續期現貨偏多操作，後續仍有軋空及軋空手行情，建議偏多操作，可以佈局汽車零組件、MWC展手機及5G題材股，以及高殖利率概念股等。",2019-02-27
58,統一證券：台股月線將向上穿越半年線，中多格局持續,"【昨日盤勢】：
受到上周五美股指數大漲激勵，台股昨日以上漲20點至10343點開出後，即在台積電、大立光、玉晶光、聯發科、穩懋及上銀等權值股走強下，呈現開高震盪走高。盤中指數走勢穩健，終場以中紅作收。觀察盤面變化，三大類股均呈上漲，其中電子、金融及傳產，分別上漲1.01、0.22及0.29%。在次族群部份，以汽車、光電及電腦等走勢最強，分別上漲2.69%、2.06%及1.54%。終場指數上漲68點，收在10390點，成交量能為1338億元。
 
【資金動向】：
三大法人合計買超159.4億元。其中外資買超123.8億元，投信買超5.1億元，自營商買超30.55億元。外資買超前五大為華邦電、上海商銀、聯發科、聯合再生、台企銀；賣超前五大為誠美材、中信金、旺宏、富邦金、台泥。投信買超前五大京元電、燿華、台表科、中鋼、聯發科；賣超前五大為上海商銀、群創、嘉聯益、瑞儀、同欣電。資券變化方面，融資減7.43億元，融資餘額為1212億元，融券增2.04萬張，融券餘額為55.6萬張。外資台指期部位，多單減碼691口，淨多單部位59388口。借券賣出金額為14.74億元。類股成交比重：電子74.6%、傳產21%、金融4.3%。
 
【今日盤勢分析】：
在美中貿易戰談判順利，川普頻放利多，FED持續寬鬆，影響台股連動較大的美、陸股持續上揚。昨日再挾美、陸股大漲，持續向上盤堅，有機會向上層目標年線10482點挺進。對台股後市行情，分析如下：第一、美中貿易談判順利、川普延後關稅調升期限。美中貿易戰情勢發展持續保持正面，上周原本應於周五結束的貿易協商，延後兩天至周日才結束，而且近幾輪談判間隔有越趨密集傾向，顯示雙方進展順利。再則，昨日川普已於推特上宣布延後3/1的關稅提高期限，而且很直接地表明未來可望於川習會上簽屬協議協，因此美中貿易問題仍是樂觀氛圍，至少三月底川習會前仍是盤面的利多因素。第二、中國當局強力做多、陸股奮力向上。除了美中貿易戰氣氛明顯和緩外，政策消息上，習近平於中央政治局會議表示，金融是中國重要的核心競爭力，並勝於房地產作為支柱產業的定位；而官媒更直接表明股市將為核心競爭力的重要組成部分。目前中國政府除冀望陸股的強勁表現，可扭轉基本面的頹勢，亦有意為即將上市的科創板拉抬人氣。第三、從技術面觀察，台股持續向上盤堅不變。台股春節後向上突破半年線以來，走勢強勁，持續沿五日均線向上盤堅。從均線角度觀察，目前台股的短中期均線如五日、十日、月線及季線均呈多頭排列，且本周月線即將向上突破半年線，屆時台股下檔支撐將更加穩固，向上挑戰年線可期。第四、本周MWC展登場、5G題材發威。這次MWC展華為將發表P系列推出4款新機，其中最大變動的是，將會升級到5x光學變焦與使用ToF深度感測，受惠最大者鏡頭廠大立光，潛望式模組舜宇及TOF發射端VCSEL的穩懋。在三星部份，S系列將會推出3款新機，最大特點在於瀏海將會不見及折疊機，最大受惠者除了大立光及VCSEL的穩懋外，軸承的新日興也是焦點。另外，此次MWC展手機供應鏈部分受惠者尚有臻鼎、台郡及矽創等。
 
【投資策略】：
美中貿易談判順利進行，關稅休兵延後，三月底將舉行川習會，貿易戰持續朝正向發展。加上美國FED寬鬆，將有利市場投資氣氛。而且，外資持續買超，且技術面，月線將向上穿越半年線，中多格局持續。建議偏多操作，可以佈局汽車零組件、MWC展手機及5G題材股，以及高殖利率概念股等。",2019-02-26
59,統一證券：台股量能持續升溫，仍有高點可期,"【昨日盤勢】：
受到美國四大指數小幅拉回影響，上周五台股以下跌10點至10309點開出後，遭遇短線獲利了結賣壓，使指數於平盤之下呈現狹幅震盪，量能也略有縮減；但權值類股以大立光、聯發科、統一超等尾盤買盤強勁，使指數終場紅翻黑，並以當日最高點作收。觀察盤面變化，三大類股當中電子、金融分別上漲0.1%及0.09%，傳產類下跌0.09%。在次族群部份，以汽車、光電、食品走勢最強，分別上漲2.62%、0.95%及0.66%。終場指數上漲3點，收在10322點，周線以紅K作收；成交量能為1163億元。
 
【資金動向】：
三大法人合計買超2.75億元。其中外資買超12.76億元，投信賣超2.85億元，自營商賣超7.19億元。外資買超前五大為旺宏、元大金、臺企銀、上海商銀、台積電；賣超前五大為友達、中鴻、大同、嘉聯益、中壽。投信買超前五大為京元電子、華新、聯發科、中美晶、台光電；賣超前五大為大成鋼、上海商銀、中鋼、世紀鋼兆豐金。資券變化方面，融資增3.77億元，融資餘額為1219.53億元，融券減2.64萬張，融券餘額為53.62萬張。外資台指期部位，多單減碼5720口，淨多單部位60075口。借券賣出金額為19.62億元。類股成交比重：電子76.61%、傳產18.12%、金融5.27%。
 
【今日盤勢分析】：
美中貿易協商進展順利，以及美國政府改口希望加速進展5G以及對華為態度轉趨緩和，加上台股於題材面及技術面均維持多頭格局，有利於指數持續往年線關卡進攻。對台股後市行情，分析如下：第一、國際股市部分。美中雙方談判已有顯著進展，川普與習近平可望於三月中旬簽署協議。此外，川普公開指出，5G技術應盡快於美國普及，希望美國企業能透過競爭取勝而非阻擋他國更先進的技術；市場傳出消息，華為財務長孟晚舟有望於4月獲釋，美國官方對華為的態度緩和，在5G產業鏈可望因貿易戰落幕恢復拉貨動能下，將提升對經濟前景期待，有於美股持續上攻。第二、中國證監會針對外部接入交易信息系統向社會公開徵求意見，並指出券商交易系統外部對接可望於2015年的陸股崩盤後再度開放，刺激上證指數上周五大漲1.9%作收；券商系統外接為陸股市場程式交易及槓桿配資的重要條件，若能再度開放可望刺激陸股資金增量，使年初以來的多頭行情將更具動力。第三、技術面觀察。台股指數延續多方格局，短中期均線走揚，且籌碼面外資期現貨續站多方，在逐步收復去年10/11跳空缺口後，可望一舉突破年線壓力，展開下一波多頭主升段行情。第四、盤面焦點觀察。受車用電子題材對NOR Flash需求提振，激勵旺宏股價漲停作收，記憶體族群的華邦電也表現強勢；和泰車今年將推多款改款車挑戰連續18年銷售冠軍，且油電車比重逐步拉高，股價表現強勁上漲5%；MWC展焦點關注於新款手機，也帶動市場對指紋辨識題材想像空間，使神盾股價再度漲停；致茂於法說會中表示今年第一季受貿易戰及淡季影響營運較為疲弱，股價重挫近9%。
 
【投資策略】：
上周五台股指數終場台股由黑翻紅，以小漲作收。考量市場利多不斷，包括美中貿易戰展望樂觀、美國貨幣政策轉趨寬鬆、美國企業財報普遍優於預期、加權指數線型呈現多頭格局、台股成交量能持續升溫、外資期現貨偏多操作等等利多因素，台股仍有高點可期。操作上建議逢低佈局汽車零組件、MWC展手機及5G概念股、以及高殖利率概念股等。",2019-02-25
60,日盛投顧：台股收漲3.39點，未攻克年線,"1.台股由9,319點反彈至今已達千點，週五台股開平低震盪，最高點10,322點再創反彈波段高，但仍在年線（10,484點）之下，最低點10,269點守穩5日線（10,242點）、10日線（10,156點）、月線（10,026點）、季線（9,827點）及半年線（10,094點），終場指數上漲3.39點，漲幅0.03%，收在10,322.92點，成交金額為1,166.90億元，大於5日均量（1,164億元）及20日均量（1,068億元）。三大法人合計買超3.59億元：外資買超12.80億元、投信賣超2.02億元、自營商賣超7.19億元。
2.由以下三個面向檢驗加權指數方向及強弱：（1）、量能：成交量大於月均量方有利反彈延續。（2）、均線：支撐為10日線至月線，壓力為年線附近。（3）、技術指標：KD開口向上，9日K值（96）位處超買區，短線偏多整理但提防拉回。
3.櫃買指數跌幅0.44%，收在136.66點，以櫃買指數的線型及指標角度而言，支撐為5日線至10日線，壓力為138至140點附近，KD技術指標開口向下，9日K值（89）位處超買區，短線偏多整理。近期法人著墨較深的個股包括矽晶圓、IC製造、IC設計、PA、生技等。
4.台股選股方向可留意5G、PCB、工業4.0、IC設計、內需、生技、越概、自行車等。
半導體、5G、工業4.0、系統整合、PCB相對強勢
1.半導體：晶圓製造可留意5347世界、3707漢磊等，IC封測指標為2449京元電、6147頎邦等，矽晶圓族群2019年營運仍可維持高檔，6488環球晶、6182合晶、3532台勝科、5483中美晶等將可受惠，IC設計各擁題材，包括3661世芯-KY、4966譜瑞-KY、5269祥碩、8016矽創、6643M31、3035智原、2454聯發科、2379瑞昱、3034聯詠、6462神盾、3227原相、4947昂寶-KY、6411晶焱、2458義隆電、6435大中、3527聚積、5274信驊、5351鈺創、6243迅杰、6568宏觀等。記憶體相關的2337旺宏、2344華邦電、2408南亞科、8299群聯近期資金輪動而反彈。
2.5G：長線相關需求可期，可注意通訊5388中磊、6285啟碁、4906正文、2332友訊、3491昇達科、2345智邦、3596智易、6271同欣電及光通訊的4977眾達-KY、6426統新、3234光環、4979華星光、3163波若威、3081聯亞、3450聯鈞、4908前鼎等，PA在5G時代用量將增加，3105穩懋、2455全新、8086宏捷科、4991環宇-KY、4971IET-KY等長線仍可關注，散熱6230超眾、3324雙鴻、3338泰碩、3017奇鋐等也因5G而受惠，安控有機會因中美貿易轉單，3454晶睿、3356奇偶、8072陞泰等有機會受惠。
3.工業4.0：工業自動化需求長線仍將持續成長，2308台達電、6414樺漢、2395研華、6166凌華、2049上銀、1590亞德客-KY、1597直得、6188廣明等相對受惠。
4.系統整合：軟體應用日廣，族群指標股包括4953緯軟、3147大綜等。
5.PCB：ABF基板供需吃緊，相關公司如3037欣興、3189景碩、8046南電等將受惠，5349先豐切入車用及通訊，2367燿華車用新品助攻，上游3645達邁的PI有摺疊機題材加持，2383台光電、6213聯茂、6274台燿也將受惠5G相關應用。
6.生技：行政院生技產業策略諮議委員會議(BTC會議)長線對生技業帶來政策性利多，可留意包括原料藥4119旭富、新藥1762中化生、4180安成藥、4157太景*-KY、1760寶齡富錦、4123晟德、4162智擎、1795美時、4147中裕、4174浩鼎、1701中化、4108懷特、6461益得、醫材4107邦特、4736泰博、4171瑞基、保健食品8436大江、1707葡萄王、4743合一、3205佰研、醫美4137麗豐-KY、4190佐登-KY、1786科妍、6666羅麗芬-KY等。
7.越概：越南在中美貿易戰中相對受惠，相關概念股包括9904寶成、9910豐泰、9938百和、1434福懋、4426利勤、1477聚陽、1476儒鴻、4401東隆興、5288豐祥-KY、4536拓凱等。",2019-02-22
61,統一證券：台股量能持續升溫，近期可望上攻年線,"【昨日盤勢】：
受到美國四大指數連袂走強的激勵，台股昨日以上漲10點至10282點開出，儘管指數上攻至10300點整數關卡時，獲利了結賣壓出籠，壓抑指數由紅翻黑至最低10256點；但是受到美中貿易談判轉趨樂觀、國際資金行情蠢蠢欲動激勵，台積電、鴻海、大立光、聯發科、國巨等權值股買盤湧入，再度推升指數由黑翻紅，並於尾盤以最高點作收。觀察盤面變化，三大類股均呈上漲，其中電子、金融及傳產，分別上漲0.55%、0.35%及0.36%。在次族群部份，以電器電纜、水泥、玻陶走勢最強，分別上漲2.75%、2.51%及2.37%。終場指數上漲47點，收在10319點，成交量能為1241億元。
 
【資金動向】：
三大法人合計買超52.36億元。其中外資買超48.54億元，投信賣超3.5億元，自營商買超7.38億元。外資買超前五大為台積電、台泥、上海商銀、中信金、百和；賣超前五大為群創、友達、元大金、聯電、旺宏。投信買超前五大為燿華、京元電子、亞泥、台光電、由田；賣超前五大為南電、金像電、冠德、義隆、良維。資券變化方面，融資增4.05億元，融資餘額為1215.76億元，融券增1.29萬張，融券餘額為56.26萬張。外資台指期部位，多單加碼447口，淨多單部位65794口。借券賣出金額為22.34億元。類股成交比重：電子74.19%、傳產20.4%、金融5.42%。
 
【今日盤勢分析】：
美中貿易談判正朝樂觀方向進展、FED貨幣政策轉趨寬鬆、美國企業超過7成獲利表現優於預期、台股技術面持續多頭格局，皆有利台股向上挑戰年線10485點。對台股後市行情，分析如下：第一、國際股市部分。美中貿易戰的休兵期限3/1日益逼近，美中雙方正積極進行更高層級的協商，中國國務院副總理劉鶴本次將以「習近平主席特使」身分與美國進行磋商、預期將有實質進展，美國總統川普亦持續釋出樂觀訊息，且2/19再度重申3/1不是magical date，顯示美中貿易戰正持續朝正面發展，不僅激勵美股表現亮眼，更可幫助全球金融市場恢復平穩。第二、在美中貿易摩擦大幅降溫下，投資人開始重視經濟基本面表現，近日市場聚焦於聯準會公布1月會議記錄，雖然內容顯示官員對升息看法意見分歧，不過普遍支持下半年停止縮表計畫，且2月份已有數位FED官員發表鴿派言論，甚至指出2019年可望不再升息，寬鬆貨幣政策有利全球資金行情再度啟動。此外，美國企業營運表現亦佳，目前標普500企業有431家公布財報，其中304家獲利優於預期，優於預期比率為71.5%，有利美股續強。第三、技術面觀察。台股指數延續多頭氣勢，昨日盤中再創波段新高，儘管目前遭遇2018/10/11向下跳空缺口10272點壓力區，不過因為短中期均線持續走揚，量能逐漸放大，外資期現貨偏多操作，KD指標高檔鈍化，技術面呈現多頭格局，近期可望上攻年線10485點。第四、盤面焦點觀察。昨日台股由電子族群主攻、傳產與金融跟進助攻，台積電受到股利政策激勵，股價持續走揚，連續兩天站穩年線；即將登場的MWC展以手機多鏡頭議題最受市場親睞，光學族群在大立光連續兩天守住4000點關卡帶動下，二線廠先進光與揚明光強勢漲停，亞光、佳凌皆漲逾6%；三星發布全球首支摺疊螢幕手機，和鑫漲停、GIS-KY漲逾5%；本季台股唯一被納入MSCI的上海商銀持續走強、上漲近3%。
 
【投資策略】：
考量市場利多不斷，包括美中貿易戰火展望樂觀、美國貨幣政策轉趨寬鬆、美國企業財報普遍優於預期、加權指數線型呈現多頭格局、台股成交量能持續升溫、外資期現貨偏多操作等等利多因素，台股仍有高點可期。操作上建議逢低佈局汽車零組件、MWC展手機及5G概念股、以及高殖利率概念股等。",2019-02-22
62,日盛投顧：台股收漲0.46%，再創反彈新高,"1.美股四大指數微幅上揚，周四加權指數平高盤開出，但因亞股走弱與台股面臨前波(10/11)跳空缺口的技術性心理反壓，盤中一度翻黑震盪。惟接近午盤傳出中美有望簽署終止貿易戰備忘錄，美期與亞股轉強，加上2330台積電、2317鴻海、1101台泥等權值股推升下，台股緩步走高，終場加權指數收10,319.53點，上漲47.07點，漲幅0.46%。
2.OTC指數早盤開高，盤中回到平盤附近震盪整理，終場收137.27點，上漲0.12%，未能越過早盤高點，但仍維持沿五日線之上碎步走高，目前短線上方壓力為140點，下方支撐為127.97點。
3.加權技術面與籌碼面：
(1)  均線：周四台股收連續第四根紅K棒，再創反彈新高。
(2)  量能：成交量微縮至1238.30億元，後續上漲仍須維持1100億元成交動能。
(3)  技術指標：日KD指標高檔轉上、MACD柱狀體走揚。
(4)   法人籌碼：三大法人合計+52.23億元；外資+48.48億元、投信-3.63億元、自營+7.38億元。二線光學、水泥轉強
1.電子類股
(1)  IC製造、設計：權值龍頭股2330台積電延續周三走勢，收盤再創反彈波段高，類股漲勢擴延至5347世界、2337旺宏、2499京元電。
(2)  光學、PA：三星發表新機，多鏡頭成主流，3008大立光、3406玉晶光周四股價維持強勢，市場資金轉入3504揚明光、3019亞光、6209今國光、3059華晶科。三星5G第二季面市，帶動PA3105穩懋、2455全新股價盤中緩步走高。此外，4979華星光連續兩日爆量創波段新高。
2.非電子類股
(1)  水泥：受惠年後開工需求增加，中國大陸水泥價格回穩，配合族群股價位置低，1101台泥、1102亞泥周四股價上漲超過1%。
(2)   金融：短線台股漲幅已大，市場保守性資金進駐漲幅落後的金融股，2882國泰金、2888新光金、2891中信金尾盤量出拉升。",2019-02-21
63,統一證券：台股成交量能仍未有過熱現象，蓄勢挑戰年...,"【昨日盤勢】：
在亞股早盤走強激勵下，台股昨日以上漲29點至10181點開出後，指數氣勢如虹，盤面類股輪動延續，網通、汽車、半導體族群輪番表態，權值類股更以台積電、鴻海、大立光、聯發科等電子股帶頭走揚，台股指數上攻力道強勁，終場並以長紅K作收。觀察盤面變化，三大類股均呈上漲，其中電子、金融及傳產，分別上漲1.57%、0.68%及0.8%。在次族群部份，以汽車、半導體及百貨貿易業走勢最強，分別上漲2.6%、2.03%及1.8%。終場指數大漲120點，收在10272點，成交量能提升至1319億元。
 
【資金動向】：
三大法人合計買超115.84億元。其中外資買超108.37億元，投信賣超0.78億元，自營商買超8.19億元。外資買超前五大為台積電、上海商銀、台泥、鴻海、台新金；賣超前五大為旺宏、誠美材、新光金、嘉聯益、開發金。投信買超前五大為京元電子、中鋼、國泰金、台郡、合晶；賣超前五大為欣興、大成鋼、第一金、世紀鋼南電。資券變化方面，融資增4.51億元，融資餘額為1211.71億元，融券增0.62萬張，融券餘額為54.98萬張。外資台指期部位，多單加碼6259口，淨多單部位65347口。借券賣出金額為23.51億元。類股成交比重：電子73.91%、傳產20.39%、金融5.7%。
 
【今日盤勢分析】：
美中貿易談判進入新一輪協商，市場對貿易衝突的緩和延續樂觀預期，帶動風險資產持續強勢走升，也帶動台股創下近四個月新高。對台股後市行情，分析如下：第一、美國聯準會副主席John Williams公開指出，美國目前的利率水準已達滿意標準，進一步貨幣收緊的門檻將會很高，在通膨沒有意外走高之下，升息措施將不會於近期發生；聯準會不僅再度強調了貨幣政策寬鬆立場，且也提及美國銀行準備金規模預期由當前的1.6兆美元降至1兆美元附近，將使資金面更有助於美股的多方格局。第二、在中國接連的政策利多、美中貿易協商進展順利刺激下，人民幣漲勢凌厲。昨日在岸人民幣兌美元升破6.72元關卡續創月內新高，近三個月漲幅高達3%；美元強勢格局的扭轉持續推升資金進駐新興市場意願，可望帶動陸股資金行情，延續震盪走揚格局。第三、技術面觀察，台股多頭持續挑戰波段新高，昨日突破10200點關卡後，將逐步填補去年10/11的跳空重挫缺口，且成交量能仍未過熱現象，外資籌碼也持續站於多方。在成功填補缺口後，台股底部成形將宣告確認，並將擺脫近四個月的整理期進入下一波多頭走勢，蓄勢挑戰年線大關。第四、盤面焦點觀察。大陸可撓式面板題材爆發，帶動明基材、誠美材股價強勢走升；另外，受MWC展題材推升熱度，5G、網通類股引領盤勢，聯亞、華星光、聯鈞皆漲停作收，波若威、光環、統新、眾達-KY等個股也表現優異。IC設計族群也受市場青睞，創意、驊訊、M31、力旺、原相走勢均優於大盤。
 
【投資策略】：
台股昨日在新興市場資金行情延燒、美中貿易協商進展順利、暨台指期拉高結算下，指數突破10200點大關，以大漲120點作收；目前台股技術面各期均線延續多頭排列，成交量能也尚未過熱，業績題材股持續輪動，築底將宣告完成進入下一波多頭行情。操作上建議逢低佈局汽車零組件、MWC展手機及5G概念股、以及高殖利率概念股等。",2019-02-21
64,旺宏自結107年Q4合併營收、毛利率下滑，但每股盈餘...,公開資訊觀測站重大訊息公告(2337)旺宏-本公司2018年第四季營運報告1.事實發生日:108/01/242.公司名稱:旺宏電子股份有限公司3.與公司關係(請輸入本公司或子公司):本公司4.相互持股比例:不適用5.發生緣由:旺宏電子股份有限公司 (股票代號：2337) 於今天公佈其2018年第四季公司自行結算之財務數字，其皆為合併報表數字，係依照金管會認可之國際財務報導準則 (TIFRS)所編製。2018年第四季財務重點營收淨額2018年第四季合併營收淨額為新台幣89.81億元，較前一季(2018年第三季)減少10%，較去年同期(2017年第四季)減少15%。營業毛利與營業毛利率2018年第四季營業毛利率為28%，低於前一季(2018年第三季)35%，同時低於去年同期(2017年第四季)43%。本季營業毛利為新台幣25.35億元營業費用與營業利益本季營業費用新台幣19.21億元，較前一季增加8%，與去年同期持平。營業利益為新台幣6.14億元，相較前一季營業利益為新台幣17.63億元，而去年同期營業利益為新台幣26.56億元。營業淨利與每股盈餘本季稅前利益為新台幣31.18億元，相較於前一季新台幣19.18億元，及去年同期新台幣25.82億元。2018年第四季所得稅費用新台幣2.50億元，稅後利益為新台幣28.67億元。本季每股盈餘為新台幣1.57元，前一季每股盈餘為新台幣1.05元，去年同期每股盈餘為新台幣1.42元。本季每股淨值為新台幣17.06元。流動性資產與現金流量負債總額佔資產總額為46.9%，低於前一季48.9%。現金與約當現金於2018年12月31日止為新台幣135.89億元，本季存貨淨額較上一季之新台幣171.60億元，增加新台幣7.89億元至新台幣179.49億元。負債總額降為新台幣276.88億元，較上一季底新台幣278.26億元減少新台幣1.38億元。股東權益為新台幣313.60億元。本季折舊與攤提費用為新台幣5.76億元。本季自營業活動產生淨現金流量為新台幣42.80億元。本季的資本支出為新台幣11.51億元，主要為機器設備採購。業務重點快閃記憶體(Flash)及唯讀式記憶體(ROM)出貨分別佔營收淨額51%及44%2018年第四季營業收入淨額以產品銷售組合來區分，快閃記憶體佔本季營收淨額51%，營收淨額較前一季減少17%，較去年同期減少36%。唯讀式記憶體(ROM)佔本季營收44%，營收淨額相較於前一季增加1%，較去年同期增加50%。晶圓代工事業群佔本季營收淨額5%，營收淨額較前一季減少23%，較去年同期減少35%。6.因應措施:無7.其他應敘明事項:無,2019-01-24
65,旺宏業外進補，上季獲利季增五成、EPS 1.57元...,MoneyDJ新聞 2019-01-24 16:31:09 記者 新聞中心 報導旺宏(2337)今(24)日公佈去(2018)年第四季合併營收89.81億元，季減10%，年減15%；毛利率28%，營業利益率為7%，均低於前一季及上年同期表現；不過，受惠業外智慧財產權和解金約25億元入帳挹注，稅後淨利達28.67億元，季增50%，年增11%，每股盈餘1.57元，高於前一季的1.05元及上年同期的1.42元。旺宏累計去年全年營收369.53億元，續創新高，年增8.06%；稅後淨利89.93億元，年增63%，每股盈餘達4.94元。旺宏指出，去年第四季營業毛利率28%，低於前一季的35%及上年同期的43%；營業利益率7%，亦低於前一季的18%及上年同期的25%。旺宏指出，若不計智慧財產權收入，則去年第四季淨利為10.62億元，每股盈餘0.58元，本業仍持續獲利。從營運比重觀察，旺宏表示，去年第四季營收淨額以產品銷售組合區分，快閃記憶體佔營收淨額51%，營收淨額季減17%，年減36%；唯讀式記憶體(ROM)佔營收淨額44%，營收淨額季增1%，年增50%；晶圓代工事業群佔營收淨額5%，營收淨額季減23%，年減35%。,2019-01-24
66,統一證券：台股技術面線型偏多格局不變,"【昨日盤勢】：
受到美國道瓊指數上漲激勵，台股昨日以上漲10點至9773點開出後，指數快速拉升、突破9800點關卡至最高9826點，但是由於投資人將台積電法說會視為短期內台股投資風向，導致市場觀望氣氛濃厚，指數拉回至最低9759點；在重量級權值股台達電、台灣大、廣達、可成、英業達等發揮穩盤效果下，指數緩步拉升，終場指數守住季線9741點，以小紅K棒作收。觀察盤面變化，三大類股均上漲，電子、傳產及金融分別上漲0.32%、0.18%及0.24%。在次族群部份，以半導體、生技醫療、橡膠走勢較強，分別上漲0.87%、0.74%及0.6%。終場指數上漲25點，收在9789點，成交量能為910億元。
 
【資金動向】：
三大法人合計買超13.79億元。其中外資買超11.82億元，投信賣超2.19億元，自營商買超4.15億元。外資買超前五大為元大金、群創、旺宏、國際中橡、百和；賣超前五大為玉山金、中壽、瑞儀、宏達電、富邦金。投信買超前五大為廣達、國際中橡、良維、國喬、欣興；賣超前五大為開發金、元太、致伸、瑞儀、大成鋼。資券變化方面，融資減3.14億元，融資餘額為1240.09億元，融券增0.29萬張，融券餘額為56.23萬張。外資台指期部位，多單加碼4070口，淨多單部位52387口。借券賣出金額為17.4億元。類股成交比重：電子69.75%、傳產23.48%、金融6.77%。
 
【今日盤勢分析】：
美中貿易戰火逐漸平息，美國貨幣政策轉趨鴿派，全球資金行情可望啟動，加上台股技術面多頭無礙，國內股市後續表現值得樂觀期待。對台股行情，分析如下：第一、國際股市部分。美中貿易戰火大幅降溫，大陸國務院副總劉鶴將於1/30至1/31率團赴美，與美國財務長穆努欽針對大陸補貼國有企業、保護智慧財產權及如何確保履行承諾等議題進行談判，由於談判層級提高，加上全國人大常委會將在1/29至1/30對中國外商投資法草案進行第二次審議、可望有具體結果出爐，在中國持續釋放善意下，各界樂觀預期，美中雙方在3/1期限之前達成協議的機率甚高，有利全球金融市場表現。第二、美國聯準會多位重量級官員、甚至包括堅守鷹派立場的堪薩斯分行主席George，近期紛紛發表鴿派言論，市場普遍預期2019年升息速度與縮表計畫將大幅趨緩、甚至停止；此外，中國近期除了全面降準外，更積極實施逆回購，加上中國財政部表示，2019年將擴大規模減稅並大幅度增加地方政府專項債券規模，中國短期內資金活水可望攀升。由於全球貨幣市場漸趨寬鬆，資金行情可望再次啟動。第三、從技術面觀察。昨日台股雖然因為市場觀望台積電法說導致成交量能降至低於950億元，但是指數連續三天守穩季線之上，加上短中期均線全面翻揚，KD指標高檔鈍化，外資籌碼偏多操作，台股多頭格局無庸置疑。第四、昨日盤面觀察。由於市場聚焦下午台積電法說會，盼望大立光法說會後、因為利空出盡股價大漲的歷史重演，觀望氣氛濃厚中不失期待，激勵台積電股價漲逾1%；鴻海力守平盤收小紅，大立光雖然收小黑但仍守穩3500元關卡。昨日延續近期類股輪動快速的模式，但是個股表現更為分散，新掛牌的錸寶在蜜月行情加持下，飆漲逾35%，遊戲類股進入旺季，昱泉漲停，泰偉、橘子、辣椒皆漲逾3%。
 
【投資策略】：
昨日台股指數再度收紅，並連續第三天守住季線，但是成交量能在市場觀望氣氛濃厚下降至910億元。雖然台積電昨日法說會不如市場預期，不過今晨收盤的美國ADR卻是上揚，顯然利空鈍化；加上美中貿易戰持續朝良性發展、且全球貨幣政策轉趨寬鬆，有利資金行情啟動；而台股技術面線型偏多格局不變。操作上建議逢低佈局集團龍頭股、中小型漲價股、及5G題材股等。",2019-01-18
67,旺宏訂1/24召開線上法說會,公開資訊觀測站重大訊息公告(2337)旺宏-本公司召開2018年第四季法人說明會符合條款第四條第XX款：12事實發生日：108/01/241.召開法人說明會之日期：108/01/242.召開法人說明會之時間：14 時 00 分 3.召開法人說明會之地點：採網路視訊/電話會議方式舉行4.法人說明會擇要訊息：旺宏電子2018年第四季營運成果報告5.其他應敘明事項：無完整財務業務資訊請至公開資訊觀測站之法人說明會一覽表或法說會項目下查閱。,2019-01-14
68,《12月營收》半導體矽晶圓多衰退；太陽能模組暢旺,"MoneyDJ新聞 2019-01-11 10:31:10 記者 萬惠雯 報導
半導體矽晶圓族群12月面臨修正，在年底盤點因素的影響下，12月僅有環球晶(6488)營收較上月成長，而下游應用面的記憶體製造產業，受中美貿易戰、客戶聖誕節假期以及記憶體價格下滑影響，12月營收也持續下滑；在太陽能產業，12月則受到模組出貨暢旺影響，多數廠商營收持續自谷底回溫。 
以半導體上游的矽晶圓族群來看，12月營收走勢不同調，環球晶12月營收51.98億元，月成長1.1%，為歷史次高水準；合晶(6182)、嘉晶(3016)以及台勝科(3532)12月營收都為衰退表現，其中，合晶月衰退達11%衰退最大，主要因龍潭廠歲修、上海廠遷廠、年終盤點和部分客戶提前關帳影響。 
矽晶圓的下游應用市場之一的記憶體製造商南亞科(2408)，12月營收再度大幅滑落達48.28億元，月衰退逾10.6%，主因DRAM跌勢未止以及出貨量減少所致；惟南亞科2018年營收847.22億元，仍為歷史新高水準。 
而在Nor flash產業，華邦電(2344)12月營收36.91億元，月衰退8.19%，營收下滑幅度擴大；而旺宏(2337)12月營收達20.43億元，更創下近2年來新低水準，同樣也受到中美貿易戰客戶保守以及記憶體跌價衝擊。 
而在記憶體模組市場，受國際客戶與通路的聖誕假期與年底結帳影響，威剛(3260)12月營收20.84億元，月衰退10%；宇瞻(8271)12月營收月衰退近19%；創見(2451)12月月衰退更達26.03%，創見表示，12月由於國外連續假期以及客戶期末盤點調整庫存水位，且DRAM 及 NAND FLASH 市場價格持續下跌，使營收下滑；展望未來，創見表示，DRAM與 NAND FLASH供給持續維持高檔，2019 年上半年價格預期將繼續走跌，創見將持續工控領域的研究發展，力求突破。 
而在太陽能產業，12月部分廠商營運持續回升，茂迪(6244)12月營收連續二月回升，月成長4.29%；太極(4934)12月連續三個月成長，12月單月營收再成長2.51%；元晶(6443)12月月成長達17%，主因切入下游模組市場策略奏效，並推出可抗鹽害、耐高溫、適合高濕環境等針對國內需求的神盾系列模組；聯合再生(3576)12月營收月成長也達15.9%，營收成長主因海外需求強勁，模組出貨量增加；模組廠商安集(6477)12月營收也大幅回升至1.89億元，月成長60.78%，同樣也是受惠模組大量出貨所致。 
而在其它產業，櫻花(9911)12月營收創高，月成長36%，除了傳統冬天熱水器旺季外，其它包括廚具房地產專案以及年底促銷推動買氣所致；保全業者中保(9917)12月營收月成長13%，創新高，則受惠於中保防災以及智慧城市相關的案場推動，而以2018年全年來說，「中保無限＋智慧化服務方案」，透過物聯網服務系統或平台，來提升產品與服務的效能，以滿足客戶或業主的需求，中保無限＋系統客戶數2018年淨增加1.3萬，成長將近27%。",2019-01-11
69,旺宏去年12月營收減逾三成，創近22個月新低,MoneyDJ新聞 2019-01-08 08:38:44 記者 新聞中心 報導旺宏(2337)昨(7)日公布去(2018)年12月合併營收為20.43億元，滑落至近22個月來新低，月減32.9%，年減34.6%，也出現二年來罕見的較上月與上年同期均大幅衰退的狀況，顯示美中貿易戰、中國大陸競爭加劇、快閃記憶體產品跌價等因素，已衝擊公司營運；不過，旺宏去年全年合併營收369.53億元，仍創下歷史新高，年成長8.1%。旺宏原看好去年下半年旺季效應可望發酵，遊戲機等客戶的需求將轉暢旺，帶動去年下半年營收躍進，但受到美中貿易戰衝擊，客戶拉貨趨於保守，旺季效應落空，去年12月營收更創下近22個月新低，而去年第四季單季營收89.81億元，也較上季減少10.5%，年減14.9%，並未持續走高。旺宏董事長吳敏求日前表示，影響半導體景氣最大的因素仍是美中貿易戰，今年的景氣變化仍要看貿易戰發展而定，預期這波庫存調整的修正可能延續的比想像中更久，今年第一季時還不見得會調整結束；不過，在越不景氣的時候，旺宏就更要堅持投入研發，因此今年的資本支出計劃將不會改變。,2019-01-08
70,旺宏 107年12月營收20.43億、年減34.62%...,"旺宏(2337)12月營收資料(單位千元) 
 
當月
本年累計
營收
2,043,397
36,953,032
去年同期
3,125,334
34,196,916
增減
-1,081,937
2,756,116
增減百分比
-34.62%
8.06%
    .FundView .opsTip div.opsTipLine
    {
        border-left: solid 2px #FFBB00;
    }",2019-01-07
71,統一證券：台股量能逐步回升後，仍可蓄勢上攻,"【昨日盤勢】：
昨日台股以下跌2點開出後，受市場仍觀望美國聯邦政府關門因素影響，量能仍然不繼，且中國公布12月PMI跌破50，盤中並在習近平發布態度略顯強硬之對兩岸關係演說影響，市場避險情緒升溫，權值股台積電、台塑四寶、大立光、聯發科等賣壓沉重，指數重挫跌破9600點關卡，終場並以長黑K作收。觀察盤面變化，三大類股全面收黑，電子、傳產、金融分別下跌2%、1.72%及1.15%；在次族群部份，以油電燃氣、塑膠及通信網路類族群表現較弱，分別下跌5.2%、3.57%及3.09%。終場指數下跌173點，收在9554點，成交量能為721億元。
 
【資金動向】：
三大法人合計賣超100.06億元。其中外資賣超95.29億元，投信賣超0.48億元，自營商賣超4.33億元。外資買超前五大為欣興、中美晶、聯合再生、鎧勝-KY、智邦；賣超前五大為新光金、旺宏、台積電、中信金、日月光投控。投信買超前五大為廣達、微星、智邦、雙鴻、光寶科；賣超前五大為中華電、兆豐金、台化、世紀鋼京元電子。資券變化方面，融資增9.54億元，融資餘額為1273.43億元，融券增1.29萬張，融券餘額為59.03萬張。外資台指期部位，多單減碼11255口，淨多單部位35769口。借券賣出金額為36.62億元。類股成交比重：電子71.41%、傳產21.82%、金融6.77%。
 
【今日盤勢分析】：
2019年台股首個交易日，雖然受到政治因素干擾，走勢震盪較大，但類股題材仍各有表現空間，隨著外資將逐步歸隊、量能回溫，台股可望完成築底上攻格局。對台股後市行情，分析如下：第一、國際股市部分。為盡早結束聯邦政府關門的局面，川普已邀請參眾兩院的8名共和黨及民主黨代表赴白宮開會，並預計兩方針對邊境牆預算一案達成共識，以結束政府關門的現況；聯邦政府關門於美國歷史上已發生多次，僅被視為預算編列衝突時的行政程序，在兩黨均避免政府長期停擺下，本周可望迅速達成共識，激勵美股後勢翻揚。第二、中國國務院正式批准河北雄安新區總體規劃，至2035年為止每年投資金額將超過一兆人民幣；同時全國人民代表大會也授權國務院提前下達2019年地方政府新增債務總額1.39兆人民幣，上述措施將使中國的基建融資改善進度超出市場預期，並帶動陸股後勢轉強。第三、技術面觀察。台股指數昨日的長黑K，雖跌破各期均線，但仍未回測9478點的前低支撐，且KD、MACD指標均為偏多訊號，台股於9400點附近形成W底格局，待市場量能逐步回升後指數仍可蓄勢上攻。第四、盤面焦點觀察。5G題材為2019年市場矚目焦點，相關網通類股包括聯亞、光環、華星光、波若威、統新等，不畏盤勢震盪再度走強。生技族群則在醫藥新品紛紛上市、醫美需求適逢年初旺季帶動下，包括亞獅康-KY、寶齡富錦、佐登-KY、科妍等股價表現也皆顯著強於大盤。受惠成品鞋出貨旺季及Nike營運展望強勢，豐泰股價大漲6.8%作收。
 
【投資策略】：
昨日為台股於2019年首個交易日，但台股未如預期開出紅盤，而是受到國際股市形勢及政治因素影響出現較大震盪，終場並以長黑K作收。但個股表現方面仍不乏題材類股出線，且外資假期結束將逐步歸隊，仍建議逢低佈局，偏多操作，選股上以集團龍頭股、中小型漲價股及5G題材股等類股。",2019-01-03
72,上週外資在集中市場買超9.08億元，買超中鋼最多,"上週外資在集中市場買超9.08億元，買超中鋼1.90萬張最多，另賣超新光金3.53萬張最多。根據台灣證券交易所統計，上週（2018/12/24~2018/12/28）外資在集中市場總買進金額為782.36億元，總賣出金額為773.28億元，買超為9.08億元，另統計自2018年年初至12月28日止，外資總買進金額為8兆2,840.40億元，總賣出金額為8兆6,391.79億元，累計賣超為3,551.39億元。外資總持有股票（包括原始股東持股及自集中市場買進之持股）市值為11兆6,814.53億元新台幣，占全體上市股票市值的39.97%，較12月22日的11兆5,535.85億元新台幣，增加1,278.68億元。
就個股比較部分：
上週外資自集中市場買超最多的前三名上市公司為：
第一名：中鋼：買進29,333千股，賣出10,332千股，買超19,001千股。
第二名：彩晶：買進16,849千股，賣出6,432千股，買超10,417千股。
第三名：欣興：買進45,008千股，賣出34,879千股，買超10,129千股。
上週外資自集中市場賣超最多的前三名上市公司為：
第一名：新光金：買進36,799千股，賣出72,148千股，賣超35,349千股。
第二名：旺宏：買進14,071千股，賣出47,873千股，賣超33,802千股。
第三名：聯電：買進21,289千股，賣出42,323千股，賣超21,034千股。",2019-01-03
73,統一證券：台股線型轉佳，新春開紅盤機率高,"【昨日盤勢】：
在美股四大指數尾盤收紅的激勵下，台股上周五以上漲8點開出，雖然外資休假，成交量能清淡，造成指數呈現盤整，但是部分族群如MOSFET、PA、散熱、營建、航運表現仍佳。加上上周五為2018年封關最後交易日，年底法人作帳積極，拉抬權值股台積電、大立光及金融、台塑四寶等，使尾盤跳空收高，指數收復9700點，終場以長紅K棒作收。觀察盤面變化，三大類股全面收紅，電子、傳產、金融分別上漲1.09%、0.67%及0.44%；在次族群部份，以通信網路業、塑膠類及塑化類族群表現最佳，分別上漲3.63%、2.32%及1.87%。終場指數上漲85點，收在9727點，成交量能為737億元。
 
【資金動向】：
三大法人合計買超38.82億元。其中外資買超33.95億元，投信買超5.33億元，自營商賣超0.34億元。外資買超前五大為台積電、中鋼、友達、台灣高鐵、合庫金；賣超前五大為新光金、欣興、旺宏、力山、宏達電。投信買超前五大為智邦、力山、聯茂、智易、長榮；賣超前五大為彰銀、元太、臻鼎-KY、強茂、合晶。資券變化方面，融資減3.32億元，融資餘額為1263.73億元，融券減2.16萬張，融券餘額為57.73萬張。外資台指期部位，多單加碼944口，淨多單部位47024口。借券賣出金額為21.39億元。類股成交比重：電子70.58%、傳產21.79%、金融7.64%。
 
【今日盤勢分析】：
美股2018年底封關以大漲紅盤作收，雖然2018年道瓊指數累積跌幅達5.6%，但美國景氣持續正向，加上中美貿易戰火逐漸冷卻下，2019年美股有望重返多頭。而台灣加權指數經歷2018年12月利空測試，已築底完成，隨著2019年初外資歸隊、量能回溫，台股上攻萬點將指日可待。對台股後市行情，分析如下：第一、國際股市部分。本周重要經濟數據為周五(1/4)美國將公告12月新增非農就業數據，預期為18萬人，將優於前月的15.5萬人；同時公告的失業率預期將維持在3.7%。顯示美國勞動就業市場仍相當強勁，有利美股表現。第二、川習通話，盼盡早達成互利雙贏局面。12/29中國主席習近平應邀與美國總統川普通話後表示，中美正處於一個重要階段，兩國正積極推進落實工作，以爭取盡早達成互利雙贏局面。美國將於1/7派代表團前往中國，之後中國副總理劉鶴也將赴華府會面協商，在美中領導人通話釋出善意之下，美中貿易戰持續朝正向發展。第三、從技術面觀察。台股指數連續兩根紅K棒，指數成功收復9700點，並使5日及10日線下周起將翻轉向上，形成低檔支撐。搭配KD指標已黃金交叉向上，技術線型已經築底完成。雖然上周台股量能快速萎縮，但隨2019年新春開紅盤，外資歸隊後，市場量能可望回溫，有利人氣回流成為推升指數動能。第四、盤面觀察。2018年封關，法人作帳拉抬台積電、大立光、金融族群及台塑四寶。此外，高階手機將導入熱板做手機處理器散熱，雙鴻、超眾股價持續強勢，而2019年開始導入Sub 6GHz，每支手機將需要增加1-2顆PA需求，有利PA族群宏捷科、穩茂業績走出谷底。在人臉辨識及未來搭載ToF鏡頭需求增加之下，2019年VCSEL需求將持續成長。
 
【投資策略】：
本周一美股以上漲收紅封關，將帶動市場信心。考量本周五美國就業數據公布，將顯示勞動就業市場仍相當良好，加上元旦假期中美領導人良性通話，貿易問題朝正向發展，以及台股指數築底完成，技術線型轉佳，外資放假結束歸隊，2019年新春開紅盤機率高，建議偏多操作，選股上可以逢低佈局集團龍頭股、中小型漲價股及5G題材股等。",2019-01-02
74,統一證券：台股量能回溫後，可望繼續上攻,"【昨日盤勢】：
受到美股狂飆激勵，市場投資信心回籠，台股昨日以向上跳空開高77點、直接躍過9500點關卡至9555點開出後，承接買盤不墜，大型權值股台積電、聯發科、台達電、南亞科等紛紛走強，推升指數一路走揚至最高9670點；小幅震盪後，守住9600點關卡，終場以長紅K棒作收。觀察盤面變化，三大類股全面收紅，電子、傳產、金融分別上漲1.93%、1.72%及0.94%；在次族群部份，以油電燃氣、半導體、塑膠等走勢相對較強，分別上漲5.94%、2.73%及1.9%。終場指數上漲162點，收在9641點，成交量能為815億元。
 
【資金動向】：
三大法人合計買超87.63億元。其中外資買超76.13億元，投信買超7.15億元，自營商買超4.22億元。外資買超前五大為欣興、台積電、中鋼、群創、開發金；賣超前五大為旺宏、大同、技嘉、晶電、中環。投信買超前五大為智邦、力山、英業達、新普、聚陽；賣超前五大為遠東新、彰銀、華夏、國喬、仁寶。資券變化方面，融資減6.02億元，融資餘額為1267.05億元，融券增0.23萬張，融券餘額為59.89萬張。外資台指期部位，多單加碼6937口，淨多單部位46082口。借券賣出金額為12.7億元。類股成交比重：電子75.31%、傳產19.66%、金融5.03%。
 
【今日盤勢分析】：
美股12/26飆漲千點、振奮投資人信心，打破諸多利空疑慮；中美貿易戰火逐漸冷卻，台灣政府陸續推動刺激經濟政策、加權指數已經築底完成，一旦外資歸隊、量能回溫，台股上攻萬點將指日可待。對台股後市行情，分析如下：第一、國際股市部分。美股12/26擺脫陰霾，道瓊工業指數飆漲1086點、創下歷史最大單日漲點，漲幅4.98%，Nasdaq指數與費城半導體指數更皆狂漲近6%，主要原因有三:1.川普出面信心喊話，高度肯定美國企業營運展望，並強調目前正是美股絕佳買點；2.川普放棄撤換FED主席鮑威爾，投資人鬆一口氣；3.川普力挺財政部長穆努欽，使市場對資金流動性風險疑慮大幅降低；美股暴漲不僅使困擾多日的利空消息不攻自破，更讓投資人把投資焦點回歸經濟基本面，由於中國官方連續釋出善意政策，如擴大開放市場、加強專利權保障制度等，中美貿易戰已經大幅降溫，將使國際經濟與股市展望樂觀。第二、經濟部12/26公布2018年招商投資表現，5億元以上案件共277件、金額高達2.23兆元，年成長率高達25%，顯示企業界持續看好台灣未來前景；此外，國發會表示，為刺激明年台灣經濟景氣，政府最快將於2019年農曆年前推出刺激消費方案；而前瞻計畫基礎建設項目亦將於2019年進入執行高峰期，預計將投入1,053億元，2020年更將增加至1,222億元，將有助於提振國內經濟成長動能。第三、從技術面觀察。昨日指數一開盤就快速填補12/25向下跳空缺口，使短期均線下彎角度趨緩，並拉升KD指標向上翻揚，技術線型已經築底完成，儘管成交量仍然因為外資休假而持續低迷，但是外資即將歸隊，待市場量能回溫後，指數可望繼續上攻。第四、盤面觀察。昨日台股因為美股暴漲而歡欣鼓舞，蘋果股價大漲逾7%激勵蘋概股紅光滿面，台積電跳空開高漲3%，帶動大立光、鴻海、玉晶光、穩懋、可成等紛紛走強；茂迪看好未來展望而強勢漲停，太陽能族群跟著水漲船高，達能、太極連袂登頂；國際油價跌深反彈，與油價連動性高的台塑化開高走高、大漲逾6%。
 
【投資策略】：
美股大漲千點，鼓舞市場信心，諸多利空鈍化，加上中美貿易摩擦緩解，台灣政府持續推動激勵經濟成長方案、台股指數已經築底完成。考量年底封關日上漲機率大，因此封關日收紅值得期待。操作上建議逢低佈局集團龍頭股、中小型漲價股、及5G題材股等。",2018-12-28
